감자칩,상품명,가격,상품링크
0,오피스네오/과자스낵 모음/초코파이/새우깡/카스타드 ,"9,950",http://adgate.auction.co.kr/core/click?nextUrl=http%3a%2f%2fitempage3.auction.co.kr%2fDetailView.aspx%3fitemno%3dC242744991&data=wBx8rMLxPt3V7yy3FYyVnwXrHjxRcHpH%2bPahTFSzS3KZsqA7YKTb%2f2jNU3dco75X1PabSbs8nGIoLpYZiYeE1yhS%2b39ntcFbTlRg%2fN2w7ydBQxCoXmefqL0lL3iItvzkPueK9rRzfzmPt141VDhHo4z6CVbyMbSyMgfMV9uTH7ysO18IJItkIfuOOq43qMYWCQdpoDzboOv4WSJr4ubm%2bMs86YvN4%2b%2b9ZHoAlYjegJDAbtWlciwwB7jBeC9%2bT2s90vOscA%2b1bpFWNdC%2bfzVmAG5OiJq%2bAd%2ffU3GH2BqAqjsIEMZmZzoN%2bmxZRXPjneJhRISPIloVRYYwKDS1uuS8VBH4Zi2v273jFZtqXcUOkbax3y8XVSFkwiTiUyVwWLZs3t3CXTGc4TriTE5yrTctCj3ERBzI8qrXm8q6uzTeZofMmGpWBqXs0c4sUeMtVXwMdqy9qIqH3368TWM%2bednfkicZK7CJyf7xcRH%2fgZ9P%2fkhtOZgujGD3pHHNeeNWXm7nCCfIvDNSrbkiM%2fET%2bVRuRHrTsS3cB4XYbI044f5NMcAE6gLZLqq%2fnSbfaTDSdiOxdNmal7CC4HBKehqPP0BcNOVSgQcM4VgBjKInmvXbpjfx%2fdOZGjrO%2f3AJBUH4iXjwf4jHrEUHnL2%2fL%2fgK6QsApWv%2fcEAmOn4Nf5um4JQKUNlnRUN2YxPXzHKLJKnM7GCEZ%2bBgDH4JXEFnOaH5alZhu9g%3d%3d&referrer=http%3a%2f%2fwww.auction.co.kr%2f&seq=338439793206&type=1
1,판판 포테이토 감자칩 35g x 12개입 오리지널 맛 ,"7,100",http://adgate.auction.co.kr/core/click?nextUrl=http%3a%2f%2fitempage3.auction.co.kr%2fDetailView.aspx%3fitemno%3dC429175475&data=wPd%2fWwWhsLK%2bwWiBXndtgw1hZYNYM%2fDF93sfJo0F8XNfiGXWHyUV2XOyPBEkMABe4P%2b1kD%2fhUhK0cH6F4%2btBCsSzOhf%2fQ%2bRRcshd7npeyNPQ8YEMv66rfX%2ftly0iur6drj2gX0HiZAqqfln8OX6IwZMPCcWMbGV87YTJGKy7T0ioBSqj3ycYCR3I77RRsEqltvAPbr9EjPMOl0OQ3w9RIBFyrDo7OgRySBfF7LPSLUgoURhlO3GKxwO66BAa0fjNHY%2bb0CKowsxqO2kIdZtkauv4Ip4PX6uNXGZrSvbLD7rZ3sowHmWeMr0qy3Cq6VrP%2bWt73xZ%2buF%2bi13%2fPfe3eWQx8QI7gDoPR%2bwE00l9Kk0C5R9yMb6hu1Mm9DHlx97lbl6bs0iqGQM0rDakss6iGY9cZ45k%2bjyzlUZWvAPRn5il0hX2Hw8pXQ7Y3uLbY0g14835g2gqLleJ6ATusTt07KtHDPYVa3VoFPyN2id7qFQF3G59Xarf6D0bovqdz9qzMACYGAiH4zLi5uCgwpW03yUkwGlm9EjJKhAUt88LI8DhhJNaKZ01MsK7KO20YA9jjZa9EFcG%2bhiT17sIQmXKZ2beLxIRklU%2f5a7SHBkVFlwn%2bK9L3IGAv4FFP5%2b53YnIwPaln73iNilafbZNjtSoqWZ%2fp7akW0vbGNXURlrgbU%2fsqRfDb7HmCFDQck2b04iI%2blPvxnedNkl8%2bsQvRuOn7W%2bQ%3d%3d&referrer=http%3a%2f%2fwww.auction.co.kr%2f&seq=338439793207&type=1
2,엔츠몰/과자스낵 모음/카스타드/새우깡/초코파이 ,"9,800",http://adgate.auction.co.kr/core/click?nextUrl=http%3a%2f%2fitempage3.auction.co.kr%2fDetailView.aspx%3fitemno%3dC243320639&data=wn4M7ou6NNP9OcMDREFxU9PT0zINdwg1HfiPlCJuB3rw8Mi%2bG1xoH3dvFxoCh%2ftFcONed4HVpU9YvWt1mHjfFvd%2bUuNBVfNW1qvZvMaB7wavSUicC9gpswyJJ3buYcC4lfjfmIHBUyZhjTuQD9WWWWvAuD0pvKXvqSc0zot2pP6K7oayZjN7LgPmsPxrMIZ9HQXhzDZy0OVZ65S43F6fbdR2ZQ2korlC30YTapMazFxTeZGcmSR%2b3LU8lU%2bW9OKzdxjMi5YbI8qbNalkemr93kUKXcEzsccFhiJv6vwB%2fq%2f7GM3VwZMR639gleBw1aWQn3DW7YU4RQ7AenvV84J9wjNr%2fovbwsR0Y6xwnYrwmTjrT9rNcvRVrRwjAaSGnLXwmiKEQlneRSXs2Gkr%2bYa3KgHm%2bseMB12mHpf%2fooQOY4PpEm%2fQPM6RAzouTCzV6punWdLvbcUdWalBpCNZ53V%2fHECu1RTOnW8xe7R7G34YO3Qh9J1DEI7wOXmwS4DF0i5Oa7CAhqAv4%2fIui%2btLkbV5GY5vyxNy33FEXjq2DiHGXXk47YG8hwmB2WexPMgdovuTh9cYzGB5VFqcwPWJXryx8XfwgQWVq%2fuGtsE3wLFCs8yuIMS6HGBUnvrftGNs4I6umWGR%2fFcum8yOusljJqP%2fuJvRPFLx%2f3odXRCUmABW4M6tKdx521Ae4X0W%2bDnrv6sxwTlR9rpwREx4uCCXhhknZPlnGjb7y5yak&referrer=http%3a%2f%2fwww.auction.co.kr%2f&seq=338439793208&type=1
3,프링글스 오리지널x2+양파x2+구운김맛x2 ,"16,900",http://adgate.auction.co.kr/core/click?nextUrl=http%3a%2f%2fitempage3.auction.co.kr%2fDetailView.aspx%3fitemno%3dC517909424&data=wBx8rMLxPt3UFzGJTwlev5zD7EbSw9vJ7LotFMaIGiF1eNIkFH7vvuwQR3QC9WAtXYSXHTbATvdNOtOtfPwMqG0Guq51o24OU3tmnLg83WzcMN%2fgkMYy4xpRuHes7V3EhIuaFrXhCt6boVDnx9%2fBpGAAO4b0ziyg8%2fXDz1RBWy02ANDvpb746VNDW6N%2fS%2foYGUhDGkk1aVfD%2fNafBW%2fzi8AQqnUSNiEzhJ1yfoDCAdPmQnEVRNAH3ljJKtQGESQG9IlCE1zctqN3jSyw7UIBJ0fDBO0e3A6Ov352XCg6lSf7QP%2fHsbAx7rh0XYt519InJBE%2fCzWXmG7myPA1nmMz70PYcNr2wF8R8qOzBXdmidIUDW1oly6yCnFfaGC%2fOuHQ9pMFG%2ff0RUAKMW71LnwMGBNKZEv5Jzo6nDkqdJuKF901p7SVbj0u3PhCp%2fHIjvkVYueZPQ%2fVccOmgcO5l%2bmFdgMLXt%2b%2fShKcUVPTsta7JxD%2fqBltHRc%2bmtz%2b3zr6fYshJ16yc0NKf5MWSMJAIKyY3lowLrsQm%2bxqRZoeV3gg1IqG53H1UMF5j36BfgrEKVA2Tdc8WRgXWWvzgQ4a0BX0yJT9IoehelpziDieP8ZVDLoVjLUG%2bdxTFX7vMdnfJkSHbgSvlLQE9gdnF5zFcy3SERlwCCVY06AtLIID5KKCjpVgvPc9ZI8pjg3ZD%2fK8y%2bkUtsDjigP%2fwwX1lc6fCh%2bFv0w%3d%3d&referrer=http%3a%2f%2fwww.auction.co.kr%2f&seq=338439793209&type=1
4,프링글스 9개/오리지날3+양파3+치즈3+증)오리53gx2개 ,"19,900",http://adgate.auction.co.kr/core/click?nextUrl=http%3a%2f%2fitempage3.auction.co.kr%2fDetailView.aspx%3fitemno%3dC517908860&data=wOK0mSUzlb5d7AWy4QaGD6IklHDTZZpiLs0P0y%2fW%2fVtruWbMvPu3rrqRWlxSbxXGbdpiRoEEoJTVWCZz3xVCrw3wSSXSVIMy%2bXqWi1oa3fUdQkf%2bSAi3UY5cEpXppJHn7reyRuH65Als%2fvhV2yg4pSs7Lez%2fbZtgtBceNScN%2bwOwVkUdaoA3XWTDFQMan4zKRzSvpvY2RcmEof%2bFTO0WFdga2cK%2fDxMzA6PuG3MVQ1A2id2yE%2f0VNANuOVl14t5%2bOAjBja3BvvjE6C3ejoMEeLEskRJTmJ0vpaz%2fb6upDOunN1pdyQUmx7lGyViJiwkXOi1qeasGvLCeaqIZtNKqZuIgBpkoLf%2bPoFlFRYVxR3wIkpzmR7IE8JYkmQRhPe9nS6HHIgnrj5Cb25p0vPE835ndGmHPJIzhXh59w88CloNJ4u%2bpKSNWpYnj7t3JfhloyZZfwpsEHEJ8RulEE4fDjbKuNEBv74EtEZQmt%2bxCAo47yeo14dk0wMh2xUVGDiOnph9aAqu717K%2bcsX4Ngj7HxyGhPvLaIjLtrpQ0Fc0jPiEWMZ7ffI8zq8k7cwXEzoh8bJiDYqUO84wAZW52iLjr8ZcAyrLws%2bYXm%2fQg0BzXwYdbdpR7Quj%2fPI0Mbon7Uu1roDefl1yKXBCjdTUaN5CSDPadjJu%2bfLoNAYDRfArjrOE3A6r%2fuKluwxcr7UGQeQGbIZG5poUfUoYByHbPRyNTIA%3d%3d&referrer=http%3a%2f%2fwww.auction.co.kr%2f&seq=338439793211&type=1
5,포테이토크리스프 바비큐향 60개입 추억의과자/간식 ,"6,200",http://adgate.auction.co.kr/core/click?nextUrl=http%3a%2f%2fitempage3.auction.co.kr%2fDetailView.aspx%3fitemno%3dB811841291&data=wGQgIPptjsx98EP1Yv2%2bUS1vD%2fzOQIShits7LWRCDQcD2yZ8HBNePT%2fwR%2b96YwCz8Dk5n6qMC%2bR%2f2t4uFHsdGSImH2aIF%2bX0Mzxb1X43N%2baznI56RUQZyY6OInhWUqCYMOgP69qIZMiuwF8xfBeEg0ga2zVLzio87y2T4UijeK6vT1zBOA22AL%2bB4%2fwDN0uqcFR1AMcaTyy8AByDpgBvOvSBtzYoK5rqgj7vBQoh2I9hLzg1N1ZKDVp4hBVxnZE%2benuXsvZKImjCg9Fk4zw34L9Bh73ToGCJy8aC8bZ27nR%2bQjibLyuOgbZYEhUK6KonYxSXwBsweftmUVua%2bvP%2bfIYPjjaKh%2f9bCw%2bov8vyiBeQ9wGQYK%2fka7AyeYU6HGCoDAhwqMAvW%2fVYEkbeUzhD1shPNy9ex4vLrhBQ0oei5EUI%2b%2flWL81X%2fwJMlehTAkWI7jy9h34pZQ%2bxAwsY8c9vafX4w8dLOzfsYjRwIjBlyUurjQJV0YVxhfvMicsxopgWol4JDF%2bkvfVon8XjuKah7Kjk40jKI%2bJx77pPa%2b6FFOsKBmObM%2bJRGW%2b0Gy2KF0D4jZTjJPudOKAAja2SJVwlfk7N0RvGaINFhC78v0WED0pg%2fGgF2om0Zoiaw%2fXcUPDOOjqqmDHsXII%2b%2fpN2uxhxgbkXm0RJK4KxC%2fGrbOAIEW6MWpYi00eFsOE1Uykcls5nouXwfDwQQg1BGT2Qp1ZxCYavJYVYBhKmo&referrer=http%3a%2f%2fwww.auction.co.kr%2f&seq=338439793212&type=1
6,순감자 글루텐프리 비건 신상 양파맛 과자 대용량 ,"2,400",http://adgate.auction.co.kr/core/click?nextUrl=http%3a%2f%2fitempage3.auction.co.kr%2fDetailView.aspx%3fitemno%3dC359533875&data=wPd%2fWwWhsLK%2fuTA0xeBWkil%2b0%2biwDns1IICxgsS6WRDj2%2fJON3H6lUwj8o7Sg0hgkPSPsSH0qQXncAa5Ku64%2f2WExQJsdtNpS%2f6WhoZ6F3Sbb0Du4eFeCNiOrV5ohaI%2bYOXTWABJF96n%2bTY8D9zx97XjuLqNHnCNybZyk%2brzZT3gf2YOHwIK2SS0dK3%2bFzic4Lq3bRJtMnJVkKefyMSxYFzO1RZ4FXrzXuu333e6JrImW5cvCFj8FzpsTod3EuAgI2X7bzQ4W9srBHLF6X6wiRADQeh6KZBcEFkSOVmpsrLAdQqoLr5u3FhuorH284v64z8UJhu0j4ZxO9yWV6sQVgm0S1LbVlQ16ewaSzOxBH6gUPmTeQXEh9GQ2gck%2bkDgZC0czPCsfjKMzrXfLDMZ6JhLTijeBhn%2fApMHlt2babkiMK8ES0U7H7j0MjIFkY411XYBgiReUUgNHUR9iXxL%2fsyY1%2bN7bfOOXqN7aCsVwkW511cyuLVRWA7KDvbDc286V44hCyW2IKqMMWsJD%2bMXz%2feOR0WRa13tdeLmdT2cqEla7Hu6tlkBWJFdofFDNlfiFMiyG%2bQ%2f8t%2bOC121K2FdbUZUx%2bZuqavOstjwVOou1xAGmrva30VNwZOwjb%2fCRg0QF380CyT59AxbbSW0mFpC2preeYcEBLOgKzjA45fLssbtYofjDaMmcmeGYHzDNpIAfgb%2bdOLsPV4gBOpFGMJe5tK8MyYTVjr5z&referrer=http%3a%2f%2fwww.auction.co.kr%2f&seq=338439793213&type=1
7,순감자 글루텐프리 비건 신상 달콤한 자색고구마 과자 ,"2,400",http://adgate.auction.co.kr/core/click?nextUrl=http%3a%2f%2fitempage3.auction.co.kr%2fDetailView.aspx%3fitemno%3dC359558866&data=wzQfJQn77V9DmPuoj751mUbhEIt%2fgtHESHqyQ3%2bXYvsssfzC9pCZlnuTxbLNqRgk8xogBYc%2bq5ZNi0vD5Ea0vlM7UECGfozXrsFCHihwI%2bmqJdrKGgwZ7fU5O5aNfAnQ1QsHIxVwv8OazuxIGkMBaFm8q%2fpfNW%2bR9hVEbtf4PJyNHEFFprbXlxAkDPsEe%2fvH4fenjvwNk%2fQPAFGC%2fSBOHkk%2baxbL2AywuXGPXASEeJRjpWupxTXv6jCxt9BRnZnZ9HlhfrjmB%2bmJjy%2bVpDnt8TOXVng8F%2fFj%2fjPEG0qJ%2fYN2b2KsdfN0IB23w1P%2fjs2lVYtlnQcZPjMeqHNM0Ll2YL1x6TfEoEEtSe9PXPJo86PaFv3s5yII3PB5pax13cFA74Pssyuzchvj6JjrXDC412CR3goGn4T%2bz7maXfqR5dYKHKLpOxaeKuzOrPLBh7F8URjuAU0q3ZFs%2bgwALJSev%2fuEsWEFtzWWcN9IozvDlIxpNEAqaOXNiuakeLYk%2fNj1Wkk4gLKpI4maWq%2feYakaDgWiF2Ac5Q4OL4e8vZ4e62gwI4Y4JL5ZcOrTnY87xv4o92nB1u1D4XoU77LxLEG%2fou2QC9PKoQR4Ya6gaFb7awkVyOEPtC89LHUZwShTpbecjbkxdBwVdQWXKPSW34HUmFuC12Wa%2fFAaMN7oolZmQL%2fYRnpWgtxbUmPtHsCcz80D0cEGo%2bu05eTWm%2fheD%2bv5n3evIO1ZOLcHP&referrer=http%3a%2f%2fwww.auction.co.kr%2f&seq=338439793214&type=1
8,아리랑 한입참고추어묵칩60g ,"2,400",http://adgate.auction.co.kr/core/click?nextUrl=http%3a%2f%2fitempage3.auction.co.kr%2fDetailView.aspx%3fitemno%3dC286973849&data=wOK0mSUzlb5eEIVx%2fpYn53V2uodjW%2bcCfOD2R6XR%2bMb%2bFDUgcoGfXlRRBE%2fS6DrNrveuewmDssikbUvM%2fNtaTiq6rgYTQrMNeEdsFx4TQDfC6B5To4xtXlMuHyXMt0Fq6aIqjI5KHhVWaW%2f14czjsdEhHmR7a4D3kqe7f2InxOurc%2biJp2R%2bkrfhOjn%2f6rQ%2bfPL90jn4XTRVRVhCmppSrXPxHEvAQ7vZ7Tu7lSmSXPwHZy4DKA1%2bXxJAozAYSm3E1XC7LJ1yq%2bPxBw6bYpxtfTm4DHxPxdyihnk1Zv7dzXbx2pe3z0gNwuR0rB%2boGldFV9lNkS6nL%2fNbE7%2f1DGK8zoWU%2fn2OPtxIkgcYyDljDtZgkh6NcW0yC1UKnsqk%2bu0mm2nydwGSayinuteYrw%2fyjS79hruUCttu9DNPztgFRdXFWVcLM0bDzeT0%2fen1gBjhYFrFrz8%2fS2QBKv8K%2bHBxFztfrDiYwWfmodtgT4%2biD2DQlW193iYTj38O%2bLi3PkUWzbVeO2pMuzNSqiOhcuK31k1nM0qfRfLw57VhoPzToW99N4Yxq1xH1yiLAJ8Sb5tEkMNqj5IM8e7xTm4e87zN6rU6tLeKtC5wMUwDMrrzzKEu34PDI7tKHpp7%2f753FuPOF%2b4Aa9pQbEry6DZNhh63872X5CAvSKd85%2fJ14JQ%2fawCazxphU4%2b4y4W49n%2fjXa0teSZ9Mxgl0M4e9M%2b20YzMzjw%3d%3d&referrer=http%3a%2f%2fwww.auction.co.kr%2f&seq=338439793215&type=1
9,아리랑 한입참고추어묵칩60g ,"2,290",http://adgate.auction.co.kr/core/click?nextUrl=http%3a%2f%2fitempage3.auction.co.kr%2fDetailView.aspx%3fitemno%3dC299581166&data=wyF8nBF5RAO9yCPaDNO3qSxv65y6iv7VfqBdTkcozNBr3dXvnDzufnxQmosPVh66Gh4CiiIuhwxlnGcWYhogVg%2bMX5tys6%2frfdc2LLW6CIZhHJPQpeBKomHPlZ99KF%2bjSc1u7WnjL3Y7BfVDQ4ugEiAglXRaUuQweBBxTe6Rncivu8KUre%2bfCVjuWu8V5cI%2bqnIHq7H4vEodQ3sb6rSSL%2bELsgNQQk0%2bnRb%2fFwIqIJuPXUzSztnRSyDAvQxKZt%2fns%2ffqRLycQLoCb7DdOM9tBf5dN1NH2uVmPtlRU8GbAY0mlDnZOsBhTe1d1rMg4PaIsWCvGLW8tGtKdvvzzt7qxmrzHqYe0h%2frZAs%2bW0bkB0o9KEzX0MgJlAcPwQFCY%2fzTNiNQ64HpS%2fo%2b%2f2Bj9gpEN9r0oiBZNde03CyR1kvzXCDlrB5gFfrGkA5wW2AZtAcvm5q9x9MtranKQTLq9%2fQYgwlYdx92FYV%2bM5VrJpDoumVbT2UV2tAv44bW4uUxoFKcN%2fSIe38VwwqpvBbdwOvHY4Ak7f6OTtYC6fnh5JM27Ci18VrTFohbcaPQ8s72c%2fhAGUwD%2ftFCUlOMDRCcQMI0rXoUAn0Aa%2bJVem0EEXtJRUpnCTfwVHPiKNJocVsZDj1KmfFyw3ytrDvo8T8BAd74Ys8WC3Ea4FgMbdxlc0uxkcDpUnzyDdaZkPapeFrlwN8Nq2G3lABF1VsX%2b1wWeB13gEvzp7QVI5K3S&referrer=http%3a%2f%2fwww.auction.co.kr%2f&seq=338439793216&type=1
10,판판 포테이토 감자칩 35g x 12개입 양파맛 ,"7,100",http://adgate.auction.co.kr/core/click?nextUrl=http%3a%2f%2fitempage3.auction.co.kr%2fDetailView.aspx%3fitemno%3dC429144394&data=wPd%2fWwWhsLK8SjlnZaPymAgcjxax86YpjKnfWuflceOIa8Wwihe%2btIcxP6MKNLomtgrbIviC2qg8Lv4We559dFb62ywLVqu%2bXohyiiJ1yT958p81ZPhWs78nrAGtEPd0bESaHCMjot4FbQIFGVztee9kzSUF%2fjJrCJshLQXLQyEonF18WcgarKLdTihJ2aFPgBH7RjswItKDOECZAxoXOVbTAKne1yvqWsH%2b7Ka%2fPlSHzJC0rwLCbjKwgAdtJgfeLMbR4E8IDMa3A1yf3hQwynHaPwdfuRK38OJYMJvclD0DUHWBC5KIC9YQ1t2hA7naAkg5HUDX4zxELIQSs2%2fEhiRfrqEKw5PN87b%2fM4KE%2fmi5b%2bQ3eDXSuyqcu8zeScFD5klvfPNvRG6RPZYPr9k3Io1Y8Rw%2bFgrlpZ1Xjp%2bqHINZWcg7y2hAz3am8149Z6SleIrxPde1Vtz37NkfYjVoy0z%2b7%2f0eKd9X%2bPNk6KzTjv9wYo8H3zyvmoR2tNJyCHCHHZxcAdIJcAwCRLXfjlOZABT9puZmgwo6s1E3hfNY20gI2B8ndeARke%2b7InzSU11%2f2GZnY5uhQReJaUGn%2b7sT%2fH3fJkWVhzL7%2fIZfuNBlqfYN4Dnb8GdJahHDdo4ARpsFz8qqkcqfpFx3Jgu%2buE4howgXpXy%2f9BYqsSZhmUHYpPv07dJqn8jxsEiyWvpXUgcZautze%2fqXKSKlNNExmJNIFlw%3d%3d&referrer=http%3a%2f%2fwww.auction.co.kr%2f&seq=338439793217&type=1
11,레이즈 체다사워크림 감자칩184.2g ,"4,800",http://adgate.auction.co.kr/core/click?nextUrl=http%3a%2f%2fitempage3.auction.co.kr%2fDetailView.aspx%3fitemno%3dB803131456&data=wBOULrZ26xFGz2AXzn8dNCmhhUQ5gEEFRAIutMIMAywqQgWr9%2fgJ2S0MAGf0qFHozAxAbbPusqJkr9HG7dCBwEmxVWG9HvmyeLqFakn2DXn4LX%2bUHX0Fm7Z5xBFs%2fn2eO5grPSLcg5kw4%2bEZRqhIUBU42M5M5CCZM824YDFor9UIAgm%2brRKOq69z5xKkyzkJA8IehC8DZ5HIIXcZO%2fWn7kPqQ3o8nxVjlS%2bTdzv%2by5S9ursK0%2flUTVD5QjBoC5p5cdJeR6QY4YJ0LxodCDCo56wTbd6%2b7VhGCe30ITKNq0HoHCtbl890X5JJs%2br5PEwu2H%2bXyiUF%2bl7mXGxTQXQvL1%2bx%2bjPA1WuKMYmdeKONLCemNIEV8MWoI6jjOsi0UY1RQgv4h5r91FIQR5zbvMjHIcmac6m1L9e4LBUtRlmPiyiN4giAJvkDIMgpzdONjoKzPkMuJYRmv5bdn628iwHcfvprNK%2blVRKZvYXoaASgtMpTDk4fLdRUllJKOmi4EaTGpkjd02%2fONqkUBXyn8K4y7wtfp56OvPVsO%2f29n3ekqeMtYNSHdq1e9yiXMxDZFd0%2bj7cFwBcn6Iw4C8WYP3Kd36yr5KTjrCs1oJWxxv%2f8Bm3Kbcmim6Zv2IHbwZgQlKW%2feXGXGSNtHWJEyNtgasSjQ%2fPyQESCOzqnyQZgA6D8V69rPR4tYKMMFy5wgLiIu8t3wfwMg%2bhizBiPUMHCULINqH3oudLlO%2bFX0&referrer=http%3a%2f%2fwww.auction.co.kr%2f&seq=338439793218&type=1
12,레이즈 사워크림어니언 감자칩184.2g ,"4,800",http://adgate.auction.co.kr/core/click?nextUrl=http%3a%2f%2fitempage3.auction.co.kr%2fDetailView.aspx%3fitemno%3dB803128715&data=wOK0mSUzlb5eGvGRnUxfOkGBoFXv39brFn2IYosrxpLB1LpCG%2bySOD1u%2b1JUeY4RQWUtITcp0d7i%2beuzci6%2fYQgYmDhU5zb1ZRBwlX0AAWnr%2fUR%2fWx1iJIjc7mP1krrcS3Xwb2YFmfRqCN4%2fYfNpkOu0fo1l6ixPGpk%2fgNKz%2fof0g%2fmnndiyMUcyuNtlmGU%2f47tR9LxPjZ3OxBg2TG9dLr54noguJhnB7ghc97LVqmzUdJV5OTvBpKuTN7Vg8MsKBo01UKngtRcpltPJHfcWs%2fOhQk0tPHJjdzwcfhpoUYnVn3qVNcycrCj%2bNpqio7tOJnyY540keG2lRltFL74RcWWpyqVs4hUmuXNBMNYGUehIN02%2bmwQlxRyL4vaSm6%2bwqKWGb6V5YreYDgnRyrsrlfcnjc8QFT9v3xd1WFerZemOOkNFwsrup%2fuZzJOgM6Wt3hG7o%2b4JzVMkWr6n56nKLg10yvvaERveBr40%2f6dhNZeKGgDFP4iCpkFvmtiqFHM9HxxcwPpSS7GCZOWZua6eWNT0l%2baxZ4%2fbP2yuPi1IY29vwTHD1oAY6jovDhnLEqi86TwhoEuzYYBJULghL3CETVZqREXeosd%2bxw8QTZEmkMnx25sN3NgpQJ8pd62MSMJgP6cX%2bYlMGWC6zo00xfuWZDHrv9htGbG%2bPR%2buw23Wm5hYxrt8TezLlSCPOeB1rmPHD1ufrL6zVU749M67m5lHQKQPr8b0C5I4J&referrer=http%3a%2f%2fwww.auction.co.kr%2f&seq=338439793219&type=1
13,레이즈 솔트비네거 감자칩184.2g ,"4,800",http://adgate.auction.co.kr/core/click?nextUrl=http%3a%2f%2fitempage3.auction.co.kr%2fDetailView.aspx%3fitemno%3dB803129751&data=wQq%2b4XegQwlXMXRBttLT%2bEu%2f8J0CrjsQsb5wDiLar805veG02DupppOXX3TxB4uLZJOb1PaXQpo2OJkyFh%2fuhqybIarb9jZ9QihN27a8ZY9pOf7%2bjEGQ4VkC0Cihp%2bn0O2NSZhAT7JECguSPEmYucJEQWZ90%2bm2IqfG2UwdAGJDH%2fnuB0G%2bBEYP%2fud3b9F7vwWVAVc1RjO0dhS0Tvc1wdRVoiK1U7ldaGUTIABY1ik%2bAOEoGPwDk%2f%2fj8ZQ9PbSeVR7GSic9h6f3o28cCvrPCMgDMhc6Wwn3gDB2KNv78Ev3lNlD9iH9e9jztWKuYasigcO8nFkhK%2bj60oo7PIqPduYaAOMcXF%2b32mGqFJ6kKyXEi8f9akXNXI0EnEGxEwNF%2fFnX8ReKw8EEXunvhrRyZKF8VfSvNvmZ0NeTcmke0JajJ8L%2f9944Rx4WRQl4BwFNiD4Hoy5VPHQuoAhpGFp7G3qJco1HjxdvApUXTgg3iOyDX9nKWVnDgEWLv7UwIUPkWq4rV1LzlWrz7pLInJENTfLTkGFkhXLYQ7yC6EUezq9vR4bfx1kSgMytz1Hsa4oK4EJnJ6JdXNyqW5cun%2bOyY4eUeWEpO1dNCnlayvq8PArl33Gs2Ip%2fcGwzpiwlypiSXd58Jh5Foql39HMAa2zyGVc8cb6YLYKKZ3q8shuQ7CeVT6wZhgo7dgWPACCEHQTF5KF0DeykBR%2fpypgsr1dU0rru1S6Zj%2b4zyr&referrer=http%3a%2f%2fwww.auction.co.kr%2f&seq=338439793220&type=1
14,레이즈감자칩 184.2g 클래식 ,"4,800",http://adgate.auction.co.kr/core/click?nextUrl=http%3a%2f%2fitempage3.auction.co.kr%2fDetailView.aspx%3fitemno%3dB803125140&data=wrqo%2fxUTdNfYTt8fSy%2fPNT%2fpQfaM8F6sbo8UN5XnLW8zvSGnReb9A6S5cU%2bGdwSuZpA3lb5fSfF%2bMH4UGrTd6b3r%2bXxgmvuJHu%2bUfaODRJ%2bwmSMH4m5ADI%2fOhBoLh0w8nG%2fU2Q6klwXO8RzN4YDSErz5%2fWdI1qvRhasINfaIj38HOgvixXPWlvfZNNJUIAoG5uxtJLtInC5YkjiW36FJcNjOUGIYrwX1QNBzsdgWznlXqvsBvs4w4ZAKASC1vIcilBf9%2blmQLKIoP1Lzykxiyos25d2zX%2bwrczzMlgCsFhDkGolKRi7SreP3K8Yxlm5qlno99EFeQh2ak3qbtXTc0SbgVXRrC%2bOvCEfxrEnzKPz4TJGXza36%2fZ4IVnnBw4utnoVTu1bl8S0Lg4xuDso66vfrbRrYjf%2fAn3qC8Qyp5AUYHi7FDnYVDA2LY37c2k%2fiRcIPbqIGQ7Rnr9xmX9yYd8mf5GuBLZ6skSpr%2fKM1RRFba%2br4QqG4IubUq1kNs66RyCQdrQFP%2fX2YLUEYLXiIw0i%2btTXY%2bcMfMK2kvT43gYRC2KKxoQZnkGfUSqZnVHtF6%2bR2I31V95Xs%2bKwTgC8%2fWxWsnDITmjqg%2fBKjlNrdqsk0cCrS6qJUh41qOt3TugHsmxj%2bOKHm5PQ5kzf1J0Lwz6ht9iesMy%2fEIXnUCe%2b02uLAjnOfnBYh2kzqLw2iWava1HMAMFxlES2AejOtBbcJs%2f3kvqgX0Vobp&referrer=http%3a%2f%2fwww.auction.co.kr%2f&seq=338439793221&type=1
15,프링글스 베지칩 토마토 / 허브 모짜렐라 97g 6개 ,"12,900",http://adgate.auction.co.kr/core/click?nextUrl=http%3a%2f%2fitempage3.auction.co.kr%2fDetailView.aspx%3fitemno%3dC426837721&data=wBOULrZ26xFF80kAhxRUYMj8MMgS83TiJSsM1FM0gR7PWMe0dRv9pvuYFOU3X1jASp%2bdyHwvjcW4NgRsan4rbwTfAwoCWxw5fumu52pN2962pT7gEfQjWdSh4B4KVEU9R8V8GksIs3fy79X9M4umASOOn%2bY3StU2w1%2bMiKTO7wMEEP9TMZJ%2b9BlgxKiUi4lXJnPWNwDgJOIWE1cHEZU7xosI1sTERo4CWqALXZjzXFWn8QJh7PotrAz%2bslMI1v8qbKuquvcXQL5yUv9zmEdm2LUcuNXvPYbu%2f6UJMKrtG%2f4T2uNG79%2bucv%2bqw2fnGxun6DtQlSAq%2fkBdNU%2f7C%2f5a99PAohiJUi8mfF4cVfEA89pVwSNqyKQHl6RpO5Yph00xb6alfeBNMshLsH5sp1rb3gXhQIPtUh6WhkaIUM%2bNi%2bHDGq%2brbZzswOw30o%2bDVQhzl1LyvmOD9MmggijH1dn5kwbmOK2nPmJHkScMWuQpN5wKislwjtDXskTfIDIXWzQ0UbpY%2blBAiKAAogT5Iigz00%2fYWYZ%2ffQM6sYzm6nin9UDBD0cwzvwC0PO%2fuJ4b7ASUnQBaTU8SgAIkFMdM%2bac73Il1g7e%2fNGP9JGkRO6RWRHsvJD%2f5EaMMT8FUiUwkDbBYktsRHHtCuc5aRZDpLCmrOVqTZH%2f8yuXROlkISRpKmzuP8EfGF5D5ykDPGrJMWT860RRPH4%2fmsL%2bdnC%2fkmgOFMMPHCRod0SSOx&referrer=http%3a%2f%2fwww.auction.co.kr%2f&seq=338439793222&type=1
16,프링글스 베지칩 토마토 / 허브 모짜렐라 97g ,"2,800",http://adgate.auction.co.kr/core/click?nextUrl=http%3a%2f%2fitempage3.auction.co.kr%2fDetailView.aspx%3fitemno%3dC426815539&data=wBx8rMLxPt3X4CyEMbD22w4aVNgu54kFOkVCZb9eyfquXyC0nj9vRc5%2b9rFJeN%2bepkZL51xlwDGl4YdqN%2ffqR%2fLPjnYQyZq%2bo65bTAuDBXOyXP0xJXv5bLLnNN1fFIsfNZNItDcJkqKmvd5U%2fP4FHzuMiLgte7AlCUsKp4oi7%2fvoJarvRLTGUCjKFvybllaGKOrWOEukyTWR1BYuRwnoXew2Nzei94WUymDzdMleE9yrggxTxwsXez%2fFgK6t0QsyGl%2bSeVtu78wabf4CI%2bJ%2bcwPoddulO9Xzv1lUPPLD%2bRe%2b%2bauWEJya23E1uT46tXDle21bRU8a0fkEl2J34M9%2bDLltqPaZuBFNx%2f43zGCNS1KEfQEyhcP8AcNln5DzmQcc1GPcGlF%2flc%2fEuAiPsWLGg7kP7WQ07E4ah0EAeR1WasOcQVut%2bplcASvJRz6%2fhoA9iNB6GUsaQbYVMoe26kSux6oxOT3bdtJ62zKCeSgdL4HyF2FlME8zEFVkKNWgWq75kfR2vR3wRjHOa52m8W5iLGV1UDn%2bWqsrNcSXaXGOHNFkPYOECkhnaAYbJWrvi3xo4kamxXSwMWiQnAf2r7oBpXQ8Y7l7XPurnkQwk9jCuQKknYvISrZeTxfspva57PQbLzv9luaXj%2bXkEtRLEYR4ZqFbdpy%2bS%2fedbeaJgE9ZS1pB7LedAOx8EzTaNGxPAshzOBesVLTxPgAEFTq6%2fAzClOShLVY70q0cA&referrer=http%3a%2f%2fwww.auction.co.kr%2f&seq=338439793223&type=1
17,감자알칩14gx80봉(1박스) 추억의과자/옛날과자/간식 ,"18,800",http://adgate.auction.co.kr/core/click?nextUrl=http%3a%2f%2fitempage3.auction.co.kr%2fDetailView.aspx%3fitemno%3dB808302949&data=wzQfJQn77V9D6xkinZvgjlT2p0ciHqahcak6TEnW1aAtyuxN5zJk1p978UE0TTtN%2bNBxjYgNkIUjoFlAwUeEu6MgxGShCUW%2bSH7h0Wj7ZB2vNxZhHaXywDGYpHEiC4wiTpARRhLnqx3uyJ2EM5wZCfqi3CBahS%2bqaXHvqfYnyCQxcE5H%2bg9UEL28NvCASi5eDEXdFQwiA6ecme%2fcWvWqp2Zk%2fBM%2buCK3V%2bJRXAleqRv4CTd2p%2bE6%2bUnGtojL42Kuz%2bccVGC4U%2fqimgYYooLFDZXa7wzC7Hu56ffdKt58g3UTA%2bRd%2fkMhr%2fp%2bgPUrN1YMKBQ1PUKTHJIU7fRrwWJL6O7Su%2br%2bb%2biKeXbBGIfvnqS93SjKVQh3GLMkk5mV3rb%2fMnhbXP%2babxQpWdp4wK163yknOzjX6Nv0aSoSujgrbs0QxT%2bhK52A302Xk1oF5iip2bRRT4Hu3qg9o2Y%2bL6bq7KMc%2bPjv7rQB05jkXw7sCcInURQ6qcrUCVBi1umFelpXzZS%2fpL986lssYPpf%2fKrFOTDx%2fAONlyfZYJ9GdZZX6H6Wlfu43dkGbOm9VZ3tSTxZv2i%2bw3yzc5lvzOtrR%2fp9fqOT9U8qgJUcwDPGp6g%2fvRn0CeSfDMDvSEDXrwaBJbVg4EsdSUCWjLLQVmYIjuPJE38A%2bA7ioURz9xT%2b1IQeBUYORa9vX9LSgTNOztGczB%2bz726FIS0dhI6f6fYX7BzV9i67hiwm0G%2bhI&referrer=http%3a%2f%2fwww.auction.co.kr%2f&seq=338439793224&type=1
18,감자알칩 매운고추장볶음맛 15g 주전부리/간식/과자 ,280,http://adgate.auction.co.kr/core/click?nextUrl=http%3a%2f%2fitempage3.auction.co.kr%2fDetailView.aspx%3fitemno%3dB873034812&data=wBOULrZ26xFEIZ609c3FSJ69iz6LyMRUBnEAktqHdGFW5hP6fDtzFp%2fBsHQxRaNu3R8EQVvRdzCvH9fL2O7UwVUlc4%2bhM9bn%2b6BKZplqav0OrGSg3VJmZGU0IcCuq3vgmJGi6G9obhd%2fh%2f2k9kZxTHn2RQOHrdQjHFHVYvH73NBpotQnlX7uTeEyIW4XJDpmEICFn4OlQ6mzVj10kDhAai49WIGuTw%2bAP5grULlF%2fPa7WZCmHUlmdNcZaGSjuiK7%2f9mumVMJrmXsnRh9AaXOha6IHNLSanbs4TK%2bjwCyP9XH8fhdB6QF2d0IxTZkqek82KrzSyx144c4tv3bT76HQpk%2fJMDawFWdeTDu8nxwFTNt9h603cPcLlcr3BRDZKezOGQCAz4wv0mS6TvI152YyxLOX8IK%2bUYXo4EfHQkOY5%2bMX%2bvaMZmsZI0QaSamuaSLEyaJPIffF5%2fbVV16jSmWB4Cj1dhxaSU8luLuCbXYiPRQaocsM55Td1nYWJqT0to0E0JtOIg6pd4jST1RWWKb5F7Yc2CEe76dqqjB%2fJ9afaLTtcpDzrUdI4LZAmjitfFeKISw8cJ50Isx1PmbNAsHVyJBqHdJcnR%2bzBgt0rEPNbJVoevzORMVw6foQ4lrBqaEcp4%2bBl%2fywG3T4O9GLnV0OpgZaNYIL5%2bSfLhcIuF7sE9JcMHPD36DJgt9DhYg6rNhvvBnavbYuXWtvtUxo%2fPQpChqXFdVPEQjp&referrer=http%3a%2f%2fwww.auction.co.kr%2f&seq=338439793225&type=1
19,고구마깡+꿀꽈배기+포테토칩오리지널+쫄병(매콤+안성) ,"15,800",http://adgate.auction.co.kr/core/click?nextUrl=http%3a%2f%2fitempage3.auction.co.kr%2fDetailView.aspx%3fitemno%3dC375640615&data=wBOULrZ26xFGCib4Sj4W7RR3hy7UzRvW7nApceiMDqVJGzm1plhIJB0Z86JIuijSMpIb0MtSnBdYEWaORgI2AmjBNoasFxO6t0TmPFqNkfbndN9NxCK7SFYvMRjcwXJHtW%2ft3k1OkfVj6IKmEVTU4VL0GBR7sPbeqD9SOBK8t1LaLf9SANTfm3fO9dDdcnIBQUa36uX3202Nz9lJXtnLW1GwBtToFp7LX67Lh%2bmeT3D%2fezsjpuSpl9DTnqiLl19aegjpIu3M7IcksRtzKU42no8Z6dCMmyGOR4BGb5h7ys%2b3CU2N%2fy96a7%2fLy%2fTP3ruK567opXi1LEdXKYL01p4oH3aJpRJmBkf9796VtB7HIhpSp3ZTSU3%2fd5I8JBtcw14kMZnCvrJgO09kIALHigQlUN1Z%2flcJ0gjBnSPRYJRPJrtKpHUk7rDFARht846SCLvDoQ844WDjxjpCQw5cCwN3Bv8jl%2bfpbgBR79VnnDxePU1llPTRrAb4ZXs0w3BiTdEx%2fZOB3rkEgClB2BNRK%2box6FJW3fNaKv5%2bXiU6VlQjSvr38NIF%2foN9ZsWYt3FLyDUfLWfx2cDzOIXAnIdcYEEVrM%2fYCagLoJICKW7hed0z15cHvjVyxHj%2bn9ARArepS3ExCT%2b1tG%2bSSQHLzVBkRlTxTRzjFxKuB8nL17q%2f%2b5t7COAPT0zsF2M7Ep2o63kTHtxGVXJF7OZzlO%2bVgUDPndolm7RASg4doWGDn&referrer=http%3a%2f%2fwww.auction.co.kr%2f&seq=338439793226&type=1
20,해제)(원통)구운감자108gx1개입 ,"5,940",http://adgate.auction.co.kr/core/click?nextUrl=http%3a%2f%2fitempage3.auction.co.kr%2fDetailView.aspx%3fitemno%3dB774734496&data=wOInCwShaQ%2bca%2f5cPu4pYA%2fzF%2bxiSVeSBO7gxmyPP%2bT5XLaAL2NaMOFidtPscQRmhPThJACBNjX7ER4hOhKf1xai4kxnpRQsgvyvfIwMFrAEFSNNRCLi6ujpyu5r5%2fCVNV6IsnQc8C0ZF0VbcwJEexq%2bbGoh4g1pCb49iS%2bVV%2brbCrmKiBoTFscm%2bve2lXNs82y9R4e2HWML1fyNj71UBmP4OQJ2gkLrue6ONcC6Fe575Hi8JaO87n1ZyEQMwCDGcgnEBdIIqZrFss7w9%2finObBXg9Fl5UqJLuDEBK4hFI%2bORkeLOcW%2bih%2f6Sv4xncj9qg%2fYb%2b1WvArgkPKA4kZTnRoJMtZqQudJbOIMoQ1fEJAMJCuKX%2f54dJzKoONwF2eydKAPDvpUKbJ1aI7oKbn3LSQouHsyD86qOJNogDlbbRWOFqYAwxx1f4CL0sU0QzoMNQwqueBbCbARqpkbePHvEgDianJ89lIpEBu%2fEIs1EhBYVMmQLt%2bAnT3vp2CY7LrPotTWiZNtwE0D893b8MSCA6Cj1tvzoXAW0AjmD%2b7TWqnACc2kqMjAihEgyv3rEku7GE7Ov4N4mEyG%2fwk7GOGxkWvbrR%2fbKj7lRQyDOxtAt4Dy0F%2bRt5LovZt2vIVVCF2fe%2f4uMgX3SZlb3DMO4j7FHRu37hSgqePunJL1g317JQc6U21zPccaw55%2bnGMHGPIfnTenrhW%2fsqgMvf17DvHkX5glswarepgxZ&referrer=http%3a%2f%2fwww.auction.co.kr%2f&seq=338439793227&type=1
21,해제)(원통)구운감자108gx1개입 ,"5,940",http://adgate.auction.co.kr/core/click?nextUrl=http%3a%2f%2fitempage3.auction.co.kr%2fDetailView.aspx%3fitemno%3dB772925916&data=wn4M7ou6NNP8M9nyF%2f3jXxMoe2THKp94EnD2qXmVlTDcW7CVzZ5pueKEv8NQS3UlRocXCj64ZfXbWpL1xG%2bjru7J38daq06fHEtkKEHKJLpDHFZySca3rC%2blkA9pGodQ7ntS%2fAbyaYOuVJV%2blvjr4VfVcDMEo3fqmVopYLl4%2bWGTc%2foECh85EP2Hgea1gkfTHkH1A%2bLzX2%2fq0rhMylh0ct55fRp%2bzDYr%2bT77CX1F%2bRpcWYBJJ8qVR03H%2b4IabwuCUW1av8iMnAiNB%2fe8ImvPMFGHzGazjjzQgQlwW3wut0oDrQWiRZhP1TFwVtRLyM7ZiswclPsB0g7n46ZlA8CwlNab5bgYlZDR2TwUhoSZ4zy76mkYy8XB9jAaoOL%2bmc5qaNb088HwoiRXmWIYiaVmILOLBIuFof%2baznzYicbZOXPuOjSG8q%2bDBcZbSR5BE0UXdWybMMzj%2bs8BEIB3Ib5eQ3nAF%2bxG2iOowLhNTfOd%2bOJ2otCH6IwKCG30qxSvhUlxHOeG%2beYy1%2fFltTuNVsC%2fEUxAAQ37%2bJ7LuFNEEt98gKJXQf4WsXB8yzRVvqicRMF3dFYuPpbeWnN30bKUfwZoPlP4%2bqICVlE4KR4cON%2fxTOmM98TR9CfWeg2smz%2fKbZE1Bdj%2fvra0TESCGLkAJlHjJAYJ1kYiQMWhSoym%2fd8yrbWT6hUoHnRJTJodtJgYmwPNqtZKtF1UQJjQg%2bhcmHDdyk4uuQTnLERtL&referrer=http%3a%2f%2fwww.auction.co.kr%2f&seq=338439793228&type=1
22,감자깡+포스틱+양파링+닭다리후라이드+수미칩오리지널 ,"19,820",http://adgate.auction.co.kr/core/click?nextUrl=http%3a%2f%2fitempage3.auction.co.kr%2fDetailView.aspx%3fitemno%3dC308148870&data=wn4M7ou6NNP%2fJgzGVNPVr5ZNlLdHNcgaN0Rw8i2BcmuoDHIuTNxBZBUf84N7w4CF6b%2baHVGOvjjWMaOBP5veJIrNqd%2fH6045eFInyk0f7Cx1jj9dpEHFYvIHeLZSdy06NUwHs1CPfJhH73qWWKlqD1rsPPsuNen%2fxjZHgllYPr%2bsoGrIKBqPmdsMslQ4dskxpL5iy7wweouQjh%2f%2fXbmolD1IjNPmSr0q2nYaIXGIoEKgBDGZS0b6f3Hg4%2fC9GQhGhqiOSBZ0w%2f0Isd%2fMFb84KUbqdVafAfT2O6VzXmd9wyxTmSaiJna%2fCg8sAwo5Ombap3rH0ut20wUaGHAHaFjZT%2fqVL75yM7H2fQk94T4mIwA%2fkCObxvjHYp61xvIpdLZg2IrhyqI1V1ZEvSRzG%2blpwgFsViDEDKNv6TC8FqobZxTbZNr2ENhOReceqC1BBbS0f0msKwDWhxO8nvUSNeHYric5bactNVFg9qgAv%2b52OxS%2boQym8BtYGne%2b9Q%2bAB%2f%2b9v3nLnvd7ONVxXpNbA3rZZHoZh8ALNGCzrDoRNnhNnqKgvRaoeSfA%2fMiG875hHILGsYUiXBFDQtOnjCJsFUDxYPU4zeFGyw6ra16%2bw%2bP6b62opxisFHKzkLRmTlx3BiHjeN%2f%2bICqdRAFmwP%2f4Ph0t%2fsYfy2OVV0ijlL4cN5zsogHHvql4pO0zYsSobu6jrw%2bMnk46iDgCnoPtJo1%2fP1ztSEp23gzgny%2f42&referrer=http%3a%2f%2fwww.auction.co.kr%2f&seq=338439793229&type=1
23,치타토 미고랭 맛 감자칩 스낵 55g 포테이토 과자 ,"1,100",http://adgate.auction.co.kr/core/click?nextUrl=http%3a%2f%2fitempage3.auction.co.kr%2fDetailView.aspx%3fitemno%3dC492974595&data=wOInCwShaQ%2bc5WyrGYCwXy2dwqpnOCDS96rmdWaqXdhxuWSc2yokXfHIshv1LMpnZdlUOM3jc1qlCjQ0cHRj2gwPHIkggs9jT03UPa48pzKBxfM8sSo9Yq2mv92gt%2fJGoPULUH%2b6TsKi44QDH8JFysLWH1GrealD1r7KOV0qy9xd%2b28LBxycFn72NOqIXvCN6jUmDqa5Tlyq5vXKnr9bRPcrrenA9buRlqzNtSIF89p5i9CR7utlF%2bksfvwuHIYQe9%2f6wnwzCoNFdAEG2L%2fKhRK7MHxBOTf1KwbBTzK6WxOKghUgHHY2TeQRHh0egNOXiQYiAMZo32vi3CgYiwxydP7p3J%2b2JU8NpzBGFEsX8soZ4yaqPj3NZSBjxQS0GbSXOjGx%2fNrBYSr3ku7h258PewfFMhEKRBIZJ0kOrWP5%2fMB6Do0EbdnUwoZCbSMWLFwlXeJ%2fQd1ZB1bzduz7JUdwdyk5FOg89aLkEJdYTGnLG5bGzyfXC4H2Ago4l8qpAXusoC2%2fTF0xcFB0Y97Ve%2fCRpj51RH1uE29f1WZAKDTSACnD4FNUoH%2fpfA9hwwVF3y0KxZmajiq31PZHUhHJsTi1m9e66XjD%2bvsIEV3AAL5lMrhPUxWRXaiu%2faQAncxm0aWFtbhgq6HbLQJunxOtV14z4b3eBMGo8Y6EaaMXYnL6yUm6KGb%2brnHhVQJqKQLtnkbWR0NxyCaPDYQZXJjAXd6WIH5IiBqsqQ5nD&referrer=http%3a%2f%2fwww.auction.co.kr%2f&seq=338439793230&type=1
24,보우보 포테이토 스틱 토마토맛 64g 감자 스낵 ,790,http://adgate.auction.co.kr/core/click?nextUrl=http%3a%2f%2fitempage3.auction.co.kr%2fDetailView.aspx%3fitemno%3dC458883632&data=wBx8rMLxPt3UPTqUH8vEt%2fXPcu1gIPMW3UxlbVNdq%2bG8N52ZA%2fczn%2f5p7YAlnKEJtgFcdbLRHRmontRrK4XlXmCM3trVudWKIMdlq34kUZxBwFkk1G3AaqQ%2fk1pqDhwzwJPtelENg5NLEj%2fhqqhsPeeResTA1eePgIGhoDe4yhUbQJJ0hmWLGK%2bJab0n61DrbjI26M3Gzl14IAVD1DsLa7sezu2UPtcEeeEvrMXhpzCZcT5nUJ6Tl%2fpIWbIpqCSsuX0mObPcr7FDe8as%2fRRxtM0Any0he6nEOxE6arINJyL1QM9Kv%2bFfBEl17WdckNaGMGiWfOKmvorGLsWePyqdh4%2fr7sCdRpdTdfB1F98IJSbFEsoMrek9XMDJrRSMKe6ZTV0V3Sp83QpkhRybYc%2bckUl1nAzQQ%2bo8uwGyDL0ea0Vo%2btjXE6REfjVzhdD5HUOnZ1WI0USqIIGTMSrGoFqGWb%2fPRRW4ShlWN7yGz0ABUJbCa7jf2e24RUTOcOzQ6kWT9e6V4FfBkCeyeYQwH%2b3iGSmUd1d0qxnccjwz5F9JNJgWCAPbwWTwNVkLeGjAstUe%2ba3qq89ib5fK8f1GSQC8ogf08bx3sN17DDJ7EzdlaOWdcTpwfMqlYJwZFetI7bJJNCmxjBl4e5InrpW3DBDpDPgUZVq6xLrk%2fk1TLQRBqDwQ5iZAFQXuOUZXx9rAo14eK1C3q9bJRnElASgzgGbKJbfpUsej8wu7f&referrer=http%3a%2f%2fwww.auction.co.kr%2f&seq=338439793231&type=1
25,해제)(원통)구운감자108gx1개입 ,"5,400",http://adgate.auction.co.kr/core/click?nextUrl=http%3a%2f%2fitempage3.auction.co.kr%2fDetailView.aspx%3fitemno%3dB773475658&data=wrqo%2fxUTdNfayRF0HvsXKKdQ9yXaCjHi6BamjRV4c48fB0pm20AjOYPiBvGrGthlu1WPmhvjiMxVRo4CyYoXVE6lndmg2aPgpErHs6MHCWTgJ8X%2f79h60UVyIIfaiRzCrwrFlGIPrac%2b%2bsZqTtDLHAzji0M%2bZgHecQqqDJYRPBZ1yYeFhJg98yEnu15DK3By73UD4M%2f3zwRdzksliLooFwUbxPmoiM16FOQ4Jp8P2PmCqWGbuBB8nx6VC%2fRXi4sfr6PwoaiSPtd84v4mvCcemRS7TelnbSozMn8R%2fAdevLnXXoihxdfeY3Jv1Ty1LqphLJWc3PHlz%2fsEX2pHQR3oYFuYz%2f%2b6PMTiRgkue59F7IWooKdGDs3t1RCRyL8j8cV93MsbQlBMAbmfPclFhjwlnul6AjaI7Vh1WqMZ5BbDx99u3zsbJOQHOz4LR0rHb6auiESu3choKomdmPJiS8W0NL5G%2b6lmLYdqhZQ27Gr0bguUZQwhS40wcyYcpoUrn%2bOQSHrEY0TXQvY1JzVjdxI8Yo8MaXrk1dg61PiCiS%2bTX8GQgi0Pz4cplHVaYb8tU%2bj4lEWRv0tM7yyFw7CS7PQJtt4O5hYV3%2fMjRk4pJ3cv%2bYC9Oq4F6HqguEqGV%2bcOAEElHBTkoVvkpA2e%2bTMjard8jJlo1HcLnUknPvjcZVlgYmxBmxbJ2igUMaRok6PQak%2fP3rFAlvJ5NGIfK3x2JIPrHrOZ1yBmeuMwN&referrer=http%3a%2f%2fwww.auction.co.kr%2f&seq=338439793232&type=1
26,포테토칩 오리지널 60g 20개 ,"23,900",http://itempage3.auction.co.kr/DetailView.aspx?itemno=C407446105
27,포테토칩 오리지널 60g ,"1,290",http://itempage3.auction.co.kr/DetailView.aspx?itemno=B676550254
28,생생감자칩W 오리지널 60g 16개 /스낵/안주 ,"17,820",http://itempage3.auction.co.kr/DetailView.aspx?itemno=C403304605
29,재커 포테이토 감자칩 오리지날 110g 1개 ,"1,500",http://itempage3.auction.co.kr/DetailView.aspx?itemno=B822617742
30,재커 포테이토 감자칩 양파맛 110g 1개 ,"1,500",http://itempage3.auction.co.kr/DetailView.aspx?itemno=B822621836
31,생생감자칩W 오리지널 60g /스낵/안주 ,"1,500",http://itempage3.auction.co.kr/DetailView.aspx?itemno=C403302188
32,포테토칩 오리지널 60g 20개 ,"23,900",http://itempage3.auction.co.kr/DetailView.aspx?itemno=C407446105
33,포테토칩 오리지널 60g ,"1,290",http://itempage3.auction.co.kr/DetailView.aspx?itemno=B676550254
34,생생감자칩W 오리지널 60g 16개 /스낵/안주 ,"17,820",http://itempage3.auction.co.kr/DetailView.aspx?itemno=C403304605
35,재커 포테이토 감자칩 오리지날 110g 1개 ,"1,500",http://itempage3.auction.co.kr/DetailView.aspx?itemno=B822617742
36,재커 포테이토 감자칩 양파맛 110g 1개 ,"1,500",http://itempage3.auction.co.kr/DetailView.aspx?itemno=B822621836
37,생생감자칩W 오리지널 60g /스낵/안주 ,"1,500",http://itempage3.auction.co.kr/DetailView.aspx?itemno=C403302188
38,simplus치즈 감자칩110G ,900,http://itempage3.auction.co.kr/DetailView.aspx?itemno=B491881788
39,포테토칩 오리지널 60g 20개 ,"23,900",http://itempage3.auction.co.kr/DetailView.aspx?itemno=B881939080
40,Biz전용 노브랜드 감자칩 오리지널 110g 14입(1박스) ,"14,000",http://itempage3.auction.co.kr/DetailView.aspx?itemno=C561343236
41,포테이토 크리스프 바베큐맛 900g/감자칩/허니/포카칩 ,"5,670",http://itempage3.auction.co.kr/DetailView.aspx?itemno=C588256241
42,simplus감자칩BBQ110G ,"1,000",http://itempage3.auction.co.kr/DetailView.aspx?itemno=C502430439
43,Biz전용 감자칩 사워크림어니언 110g 14입(1박스) ,"15,400",http://itempage3.auction.co.kr/DetailView.aspx?itemno=C542747483
44,오리온 무뚝뚝감자칩 124g x12 ,"25,000",http://itempage3.auction.co.kr/DetailView.aspx?itemno=C318984898
45,헌터스 블랙트러플 포테이토칩 ,"21,000",http://itempage3.auction.co.kr/DetailView.aspx?itemno=C555255195
46,레이즈 솔트   비네거 감자칩 184.2g 3개 ,"11,900",http://itempage3.auction.co.kr/DetailView.aspx?itemno=C235929698
47,해태허니버터감자칩120G ,"2,390",http://itempage3.auction.co.kr/DetailView.aspx?itemno=B352196127
48,오리온무뚝뚝감자칩124G ,"2,390",http://itempage3.auction.co.kr/DetailView.aspx?itemno=B384512075
49,위니포테이토 크리스프 스위트콘맛 75g/감자칩/포카칩 ,990,http://itempage3.auction.co.kr/DetailView.aspx?itemno=C603728896
50,수입과자포테이토크리스프바베큐맛75g/감자칩/포카칩 ,990,http://itempage3.auction.co.kr/DetailView.aspx?itemno=C603725566
51,농심포테토칩육개장사발면맛125G ,"2,000",http://itempage3.auction.co.kr/DetailView.aspx?itemno=B677529791
52,(롯데백화점)(아미카) 엘도라다 포테이토칩 400g ,"8,980",http://itempage3.auction.co.kr/DetailView.aspx?itemno=C473587289
53,레이즈 클래식 감자칩 184.2g 3개 ,"11,900",http://itempage3.auction.co.kr/DetailView.aspx?itemno=C202902627
54,동원 고추참치맛 감자칩 봉지스낵 50g x 10개 ,"25,700",http://itempage3.auction.co.kr/DetailView.aspx?itemno=C524911671
55,본아미 감자칩 와사비맛 68g X 12개입 1case ,"10,900",http://itempage3.auction.co.kr/DetailView.aspx?itemno=C202946327
56,오리온 무뚝뚝 감자칩 60gX12개/한박스 ,"20,400",http://itempage3.auction.co.kr/DetailView.aspx?itemno=C341606454
57,옥수수 브이콘 50g/쫀드기/에낙/쇼군/논두렁/감자칩 ,970,http://itempage3.auction.co.kr/DetailView.aspx?itemno=C602450044
58,자가비 감자 스낵 90gx8개 과자 간식 안주 감자칩 ,"19,900",http://itempage3.auction.co.kr/DetailView.aspx?itemno=B651730830
59,대용량과자 치타토 미고랭맛 감자칩 55g/치토스 ,"1,090",http://itempage3.auction.co.kr/DetailView.aspx?itemno=C608311237
60,포카칩 오리지널 66g 20개 오리온 감자칩 과자 스낵 ,"27,040",http://itempage3.auction.co.kr/DetailView.aspx?itemno=C582053149
61,신콩칩 어르신간식 돼지감자칩 카사바칩 1박스 ,"21,300",http://itempage3.auction.co.kr/DetailView.aspx?itemno=C479006481
62,포테토칩 60g x 10개 ,"15,260",http://itempage3.auction.co.kr/DetailView.aspx?itemno=C584032649
63,농심포테토칩오리지널60G ,"1,280",http://itempage3.auction.co.kr/DetailView.aspx?itemno=C425809712
64,농심 포테토칩 390g 감자깡 감자칩 포테이토 스낵 ,"6,840",http://itempage3.auction.co.kr/DetailView.aspx?itemno=B212138803
65,영양 제과 감자알칩 14gX80입 1박스  감자칩 인기간식 ,"17,500",http://itempage3.auction.co.kr/DetailView.aspx?itemno=B822740863
66,커클랜드 핑크 솔트  감자칩 907gx2/포테이토칩 ,"24,990",http://itempage3.auction.co.kr/DetailView.aspx?itemno=B737270929
67,감자칩김맛68G ,"1,000",http://itempage3.auction.co.kr/DetailView.aspx?itemno=B877764918
68,오리온 무뚝뚝 감자칩 60gx12개 무료배송 ,"15,840",http://itempage3.auction.co.kr/DetailView.aspx?itemno=C564215579
69,사워크림 어니언 110g X 6 감자칩 스낵 간식 맥주안주 ,"16,070",http://itempage3.auction.co.kr/DetailView.aspx?itemno=C285592238
70,무료배송/ 본아미 감자칩 김맛 1case(68g x 12개입) ,"10,500",http://itempage3.auction.co.kr/DetailView.aspx?itemno=B594877093
71,무뚝뚝 감자칩60g ,980,http://itempage3.auction.co.kr/DetailView.aspx?itemno=C335591103
72,레이즈 체다   사워크림 감자칩 184.2g x 3개 ,"11,900",http://itempage3.auction.co.kr/DetailView.aspx?itemno=C468411258
73,Win2 포테이토 크리스프 사워크림 900g(60봉) 감자칩 ,"7,700",http://itempage3.auction.co.kr/DetailView.aspx?itemno=C413416976
74,오리온 무뚝뚝 감자칩 60gX4개 ,"7,800",http://itempage3.auction.co.kr/DetailView.aspx?itemno=C341605565
75,Win2 포테이토 크리스프 바베큐맛 900g(60봉) 감자칩 ,"5,490",http://itempage3.auction.co.kr/DetailView.aspx?itemno=C413426008
76,프링글스 오리지날 53g x 5봉/감자칩/안주/포테이토 ,"6,190",http://itempage3.auction.co.kr/DetailView.aspx?itemno=C241235236
77,포테이토 크리스프 샤워크림향900g/감자칩/포카칩 ,"5,690",http://itempage3.auction.co.kr/DetailView.aspx?itemno=C576459488
78, 산니카시오  스페인 감자칩 오리지널 40g ,"2,010",http://itempage3.auction.co.kr/DetailView.aspx?itemno=C574450267
79,나쵸 감자칩 봉지 집게 클립 ,390,http://itempage3.auction.co.kr/DetailView.aspx?itemno=C597172426
80,크로코 프레첼 300g/맥주안주/오징어/감자칩/강냉이 ,"1,960",http://itempage3.auction.co.kr/DetailView.aspx?itemno=B905871502
81,프링글스 사우어크림어니언 53g/감자칩/안주/예감 ,"1,490",http://itempage3.auction.co.kr/DetailView.aspx?itemno=C241244522
82,미니 프레첼 볶은양념맛 85g/오레오/첵스/감자칩/맛밤 ,"1,250",http://itempage3.auction.co.kr/DetailView.aspx?itemno=C602189127
83,(현대Hmall) 토이트론  브레드이발소-감자칩의 비밀 헤어숍 ,"34,200",http://itempage3.auction.co.kr/DetailView.aspx?itemno=C416542002
84,어른간식 감자스낵 바베큐맛 90g/본아미감자칩/이마트 ,790,http://itempage3.auction.co.kr/DetailView.aspx?itemno=B826479141
85,포테이토칩 오버핏 옆트임 반팔 빅사이즈 티셔츠 ,"18,330",http://itempage3.auction.co.kr/DetailView.aspx?itemno=C607316459
86,농심포테토칩오리지널대125G ,"2,300",http://itempage3.auction.co.kr/DetailView.aspx?itemno=C425809719
87,포테이토 크리스프자색고구마맛75g/감자칩/포카칩 ,"1,150",http://itempage3.auction.co.kr/DetailView.aspx?itemno=C576467548
88,(현대Hmall) 토이트론  브레드이발소 감자칩의 비밀 헤어숍 /보드게임 미용실 놀이 윌크 캐릭터 완구 ,"24,550",http://itempage3.auction.co.kr/DetailView.aspx?itemno=C418006141
89,(현대Hmall) 농심  포테토칩 60g x 20봉 ,"26,500",http://itempage3.auction.co.kr/DetailView.aspx?itemno=B481062308
90,(현대Hmall)농심 포테토칩 60g x 10봉 ,"15,300",http://itempage3.auction.co.kr/DetailView.aspx?itemno=B663735944
91,(현대Hmall) 농심  포테토칩 60g x 4봉 + 옥수수깡 70g x 4봉 ,"12,900",http://itempage3.auction.co.kr/DetailView.aspx?itemno=B676868630
92,(현대Hmall)포테토칩 엣지 통감자구이맛 50g x 16봉 ,"21,900",http://itempage3.auction.co.kr/DetailView.aspx?itemno=C293191490
93,프링글스 오리지널 19g X 60통 감자칩 포테이토칩 코 ,"36,890",http://itempage3.auction.co.kr/DetailView.aspx?itemno=B783918786
94,레이즈 클래식 425g 코스트코 감자칩 포테이토칩 코스 ,"17,690",http://itempage3.auction.co.kr/DetailView.aspx?itemno=B838253841
95,농심 포테토칩 오리지널 390g 감자칩 포테이토칩 과자 ,"10,890",http://itempage3.auction.co.kr/DetailView.aspx?itemno=B795900959
96,T 프링글스 클래식 미니캔 53gX16개 감자칩 오리지널 ,"22,590",http://itempage3.auction.co.kr/DetailView.aspx?itemno=C493710276
97,(현대Hmall)오리온 무뚝뚝감자칩M 60g x 12개 ,"17,500",http://itempage3.auction.co.kr/DetailView.aspx?itemno=C512009890
98,EL SABROSO 토띠야칩 851g 나쵸 옥수수칩 감자칩 코스 ,"14,990",http://itempage3.auction.co.kr/DetailView.aspx?itemno=C561609311
99, 하프클럽/폴앤폴 포테이토칩 오버핏 옆트임 반팔 빅사이즈 티셔츠(남여공용) ,"13,900",http://itempage3.auction.co.kr/DetailView.aspx?itemno=C604922307
