치킨,상품명,가격,상품링크
0,에어프라이어 치킨 떴닭 로스트1kg+1kg/100%국내산 ,"16,900",http://adgate.auction.co.kr/core/click?nextUrl=http%3a%2f%2fitempage3.auction.co.kr%2fDetailView.aspx%3fitemno%3dB841808564&data=wGQgIPptjsx9Qi03zpHXA%2bZWuJ3qRwDX%2f6qb0BemkOICtvuZTwAdFIgRyOEsd4dxQb6J3pBqCQAWeRevc25D4QQXLVjtfdB8EUp44IEGa6KCErZaZg4O5WgBGOwxNrnG7nX2neNAtRlakHOUsUKCoCy1dU833IxhP1SVkx3yuyUfN21CD60rBPyNquq%2fu%2bJVfO7c7NR%2bb%2bOzHEC%2b%2b7eG8a9iNpUUe2KYY4q%2f5qDy%2bfy%2bh%2fQQugi%2bs9q2iO72L7LoFzISl3nbbozJLQqoObizEqgLMzMNqDA4Id6hjIVPbVqubMbfAS%2f4AJAKngoF97N1rG9hljLD%2bSJZEr1UWxEuKhkYMcO8wTcchEtMohuEXzXjZOG0mvq1TTKgfM3b83vQyEYDJRFGo4dQVDpGXpykw50J0i5bWnY5wvULvXiMxlL4lybEFN8RNgtb7LoSyDiQo120Eg%2bSP4Zhvv7dsTsRbZYWfIGOjouO0UmhX5EuzPe6Oi0kb8AxlQpsFidVYsgtR9potyZWA1m6Ef6nsnsJDPOmbjPMhnNCOcLDjJPH8WlfEFpCgZBLKCUxOsMPEby9VtC6GQS4kKJ%2f%2fggE8j%2fo0K0DLn9ynuE4im7EDZZmX3ei9QCkrHi%2ff86MNl3kfsdfnRkWwG8j0nikPH8Shp3AuveXTISrp3xuXekckN6rfTy1J8vDQfQ1w1D1ZxFvFhcrnmplUPcNYyFI%3d&referrer=http%3a%2f%2fwww.auction.co.kr%2f&seq=338391206830&type=1
1,밀리원 가마치 훈제치킨 스모크 통닭 (600g)X4개 set ,"35,900",http://adgate.auction.co.kr/core/click?nextUrl=http%3a%2f%2fitempage3.auction.co.kr%2fDetailView.aspx%3fitemno%3dC493161020&data=wOK0mSUzlb5eCNUoHeZC5BJvtBBvj6MOJfJ%2bEmcF9CDQYRf%2f02qeG7yAdxav%2bRjSavC%2f41AEbrB3rbBXi%2bgfSDM6FxsMBpx3LXwOGux4o2kjD3jsQ24gNcCShr7mgJnlmGHZwqetMg1tH3pt50DlA6YVmThDmfn%2bVOjq2jdgOt0XRuJCgfMVKK0LUqpth5d5g85Les1m9eSKiy7qTDDjmCyLWt2te9BjQPpAzavg%2fgd1VRasvojPM4hJpSvcs0Qu3D3hJkaf826I02%2bETbbrINK37onDY1UTBfYLbPQ1T9HSZDcAoPui7pa8L7ynfpKVW9d5AfC4m0Sa%2f5TX01TNLExQ2d2Wu5ecrAbWCdIq5A5jTNZ7phQZGmq2Vd7%2fTT4sEdYjiQuBUb8gjRYOc0H%2fxPcQNGyOkQLID5LzLCBGx8KrKxCpf4nx5U%2b3unhhmhKPVSZQTB6R%2bAdi5cVJhfq4rwPymTwZG3b0lPHg0DwX0JPVR%2fY4xi2VkE6SLWSm97Y7zLwVx28Q5R38t9oR49KWSudooo7D3tAtTXhUVi%2bROt3nZaTOvA7qeARGTQIUeTsRAP8suIcYTSVNWVcVEW%2bQkOAEIRjUoZczRNK1MRd9xmpK%2bNL6nVswU4To1kpMRDTdsRb8JZ86ZxV99Yp4R2l1AjYXq95aSmn2IGYyFvjRGWbWbgVH5%2bwFLZgmugO5CH2VuXWye0vZ%2fo4M%3d&referrer=http%3a%2f%2fwww.auction.co.kr%2f&seq=338391206831&type=1
2,포켓닭 닭가슴살 슬라이스 양념치킨맛 1팩 ,"2,700",http://adgate.auction.co.kr/core/click?nextUrl=http%3a%2f%2fitempage3.auction.co.kr%2fDetailView.aspx%3fitemno%3dC269602454&data=wsP07KgqvfbzYJn57BkhmYg7HdfVFqrluLOT5LTAU0a421ksHQFJrlfeD%2fLxhPO3b%2bQUW2On0sTdZ87wVaUTC7MnhGWkODa6q9fxG6ghXVVBKaIMyGVQd2PHX8tPXGhdtTUY%2fKBDN9Vxx6e%2bhoNG1KRL4B150nCzI0jcCXxUL50xrOD8azFbz6odXocODL6d9yrqpu50bh48kN2cKJYCyYAkASEDqJaG%2bFAJ%2b85GzieNdqizLkU2yUsVgAbr1Zp36RjCxKY8dylrLCdRmtQbjgRamPQK4xWFHvVALLZADXXdPbCOEs4%2fOkKXnLpaIzYnb8RbyC9ckCjd3dj6C58LXVq4jL7j5pzwk5OhlOhjwYDE9EaqdFb%2bdMHL8QLlShel0AsP4yYvmsXaGGrCKIpZ%2fjSHUbVb1EqtomysKKojpi3lhZWErFdtukJKwhK2PxCiN9OzF2ymopS%2bDO2j5ZD6hd%2bHSLCGE3%2bW4eFNhdwYWnso%2fxrenBA1aIW5rHzFEC25ofTlPiWWj%2fV5JQEU8gjT2vLsuxj7MrTyAGTK%2fjJAFNunnHaZKJhuYTarPgqD4jXQXnKNu9nfqLHNdoxSX3s%2bvEgTmBVwKa3W5dF34yGj2Q5oZs2sPUCy0obBblF%2b5m0LhBbvgYvIQqZij0YnQy4AhqFJ2GqDFXUEtBknlEfj1pFvFiJ%2fmEo51krfYXOcnyOpqSAzjOJ5A7DfGj4BXF%2beT%2bg%3d%3d&referrer=http%3a%2f%2fwww.auction.co.kr%2f&seq=338391206832&type=1
3,야식이야 바삭하게튀겼닭x2+고추듬뿍넣었닭x2 (냉동) ,"23,900",http://adgate.auction.co.kr/core/click?nextUrl=http%3a%2f%2fitempage3.auction.co.kr%2fDetailView.aspx%3fitemno%3dC256448725&data=wBOULrZ26xFEUdsRZhW18B82hlGmejOR4AmtYoyuIwHQrNGppuk7Jvcgv2QBaMU6v1YDqFS10OmB%2fJzPCsoaLTsXGvipRtjg2kgw%2b5B31v8FnT%2fvCGnPhc7YxaPW6gpVjeBla7H8%2bP1xylKoV81Cu81EPZtJmWkMJEBWjurl5BwFoW27m4XG4Q%2bYySoYNtvNPHw4ey9dW4JEQjEI2Qyxk6%2b2oB5p4EIseeQj7VyDUgqnaYFjw%2biWsIKPn55VRtaaXgsgNbGsejOrXBaSPtvgMRtaruyi4TxGmZWM3rfDEOoxk8dneAjn%2fA9%2feCujyw9fSfz7MLEODw0kYmSzIDx8H%2fYl3sg%2bYtNmcgHzg6omOPOCH%2b4HeEF9CHihLvqLSw6RoR3y2laPR6lGgG4izBJp%2fDOB3XN%2b%2fChbQraKX5nV39veMqVZKjQUKfckg%2fvKXlZTq5OEITKz%2bmwHfHXd8FAYjhiXgLCTaWKE%2fGI0hhbLlVWc5W9lbxB3MX5TcYwx4xxLvJur%2f1ARTi3pJrnf2%2fpnhFqpGi7GrXTKgnQpLaApLVr%2fs5fblf1Lf9xNLb0MYmeKpTiIwOesIr4RBOCtTp4nUCfYQT7ZCUVRdzW2IuDeg43bNMkACvt10V6lmg6Ja15WqpV96ZO2Oa7HyJVcpHjoN9w3Ww8HPfQm3CozxnCDYDzBQbF83kKcl1FUqiOJsImJUmGErtfb5gI5nUqFZjq408A%3d%3d&referrer=http%3a%2f%2fwww.auction.co.kr%2f&seq=338391206833&type=1
4,엄마손 치킨텐더 350g 3팩 / 어니언소스 3팩 증정 ,"19,900",http://adgate.auction.co.kr/core/click?nextUrl=http%3a%2f%2fitempage3.auction.co.kr%2fDetailView.aspx%3fitemno%3dB759945532&data=wBx8rMLxPt3W1ZtEnWqEIxeg2Nz%2f7hRCQkwd3c11Fw3LicLC2MgjBQZvkMmbpnLWAyiUlJrFql9%2bWP%2fMlqiWQrbFpHCcBfzrNvC%2fImE%2bNSwzeOhPVBHejp2syBmOwaU9iLfrOqumIcrasg28tn5wL4LQeCOmjiD4j3vdEGErSYB86t3GuH0%2fN5aAt6SNr33W8a2wqphH0pqXuY5Ox%2bRRObcJpMzLLQEaXOSzNDE6ZgZ2jORmYlEsP8UOteG5mzA5Xn%2fYEby%2fDBR77LQMc5u88vtYCzoPVi5o9XGSyfgT0I%2fgL57HTitpUi878Uteqrt1yc34xT0qLeahlLRuDdb1hokokrZNjUMfEU19YknCp7OVOqsLNz9eIj1SeZhNuFclX7WojCt8bw1Ey9YGscHuEvGEbu5TQHRBsMAeadRjgVWo4i2El9dLjngQf7qTTc5L%2bKhyh9mIitCPiWiTscGmg4enqQ4icTLQSsT0MG89SADFxtsFGFW24oaq%2bh7Vmh8YGxfG3sQcYbb0wAxVfpZ4j4Or%2bXsD1c%2fwe1DY91IwmUip4ifddLZECydn6zB8s0nsk93KzpBHQlScn0u4eLiaK2DxN2XUh7uP4PF5ryhpP1hvyCx1350SoDD2rgjqe2ymmkEkKbu2B%2bQNtIsUabm8EafN%2fQNNdmy%2b5TmA2t8hPAragRbuuaB74aIG%2fcqaM6aj9AZg8ucasN%2bQ%3d&referrer=http%3a%2f%2fwww.auction.co.kr%2f&seq=338391206834&type=1
5,데리야끼+매콤 치킨 통다리 바비큐 (5+5)/170g총10팩 ,"34,900",http://adgate.auction.co.kr/core/click?nextUrl=http%3a%2f%2fitempage3.auction.co.kr%2fDetailView.aspx%3fitemno%3dC339144669&data=wzQfJQn77V9D%2fPNnG6Bg8OzvUAQ27iRkQ51PMYNqhFpqRwThDp9Dz4IVE0CGMcx7OxzxAedXvwwF3V940OSxdJr2GkJtYPrmuEGzn1QOTVADmSqFmIfCDpKTkpjGmqBNOI%2fgL82fTQo35ySxlJEpWJCSirQaTAiM2b057TFPWMqJOlL6Kn3cplB8J7uOVQMHVOmX6jhhMdeIWAq26xkDSHK0Vf3OhPImHn7x7%2bcYuaGMDmY3DHPIQUHU9H7b0J2cI7NFt532d64GbAbQu16l2dpoKW3lhooU1ZGN462Rdtdob0P5dCleE5oKyjuUIbwHk20tN1RH1QtxTZsWirVX1uPqnNAqF2jlo5C9xmrLCGLBPTqkCV2PRe5LA8aK91LHt0xxP%2f45IaV73Fcx9zvTemFzNEHNYx4NxPBCkdAEPwd5qhJWpeEnMW51Azn1fVDjGyhgyc6w3gntPVKEKJSDFe3FL0hYkrN9p0kK51%2fM0ENSev68GyzGpnxf2X2eTkdbZohorPNodYCr5jVG7Ic3dkPlMsggVyJ%2fqGaYbegAlOLi%2fQJf4sXudyLKrXjtk8%2f%2fY%2f2jV%2bgP1%2bO1TJNt00eFpI0dJEWFw%2fm9WE7w6hjVfTPPjc6V3X6LdZctBY%2fR4nkzwU%2byh8Y9tbL1BoWGQOXMDK3ZPNHPTt5nPRMN36rxRKiY43gVXtc%2b6eU%2fam7Zk3j5o8ApgZ7IbQtI%3d&referrer=http%3a%2f%2fwww.auction.co.kr%2f&seq=338391206835&type=1
6,고고새우 CP 로스트 스파이시 윙(봉) 1kg 냉동 치킨 ,"16,000",http://adgate.auction.co.kr/core/click?nextUrl=http%3a%2f%2fitempage3.auction.co.kr%2fDetailView.aspx%3fitemno%3dC236694873&data=wz4tErPvsLEVlMRXle5ozFcVaYswcBZzrqr5Jl5MuGBC%2fjL61uBKXF05Gy2GR2rQ3%2b9a%2fGkbAbweDIaq9hFXwhi2TgXwNSvJlIdD0I7iE4LVFIQA5xha9EkoGQWWcSkF6RWiE%2f0N2LKAHAaBWfzRK6nvs2sCPCSQjaoXp8wy4WUL5klPq328qesjLCZluzFiF%2bLoyOt0HMCKrVSLlPozQDukpJBSKNf%2fQRBtweivlf%2b4IMflO%2bUH8%2faPt1DogOsYZ9mrsBzflx4ZaHxO4Jr%2bu%2f75Y2b0SySKYh6F3nLdspWjc4T4sleOsF7v8TKNXFXqR%2fctUulPL6lFXe%2fzJoEO2P69ZU7NJe%2ffGU409FEBKkcTq%2bA6Qc79smbwPfMB3nHHhGBb2LPmT4Cm4%2bsCnHfCEMBtouGgd8lEPqmBQaN%2bchyd1vSBuzL7%2bMHqDmqGfZtCo97du0QZ6U5Xhj%2b%2fsbhqE1STHEmV5oR1iQdx9RboWZ7i%2f4SFiJwKk1zNbjMX4ZdY%2fSu12AP5FS%2f8YUx8d2NKzxn7m%2f%2b5Srhr6a%2b0u7GJ7WyFMCue8YWBWUcJlWo0CAUEEyABzuEod2NePI3a9hkDlrOUQrFGg33cA6DlQhQ1jcJ8Iy1YDml2Z4sz4ynwAYEbktSkDmS5DP2HrRQamBz%2b3XLxPXkZhAqaanIAaUIDQXjpQ6EKGPXSc0NBwjlzu6g6h45uDw%2fNCEy8%3d&referrer=http%3a%2f%2fwww.auction.co.kr%2f&seq=338391206836&type=1
7,슬라이스닭가슴살 양념치킨맛 10팩/무료배송 ,"17,900",http://adgate.auction.co.kr/core/click?nextUrl=http%3a%2f%2fitempage3.auction.co.kr%2fDetailView.aspx%3fitemno%3dC274894744&data=wBOULrZ26xFFjYMwFd8qyq7gSEl%2fLbSpTrV6iNHxZgPxczde7HwY35ALdF8nS1F5PSrVxF0AucUehIxHeaRffxgDUfo%2fOUWD1ykUB0owcyp8kwgFSJBWxi%2bvQ9hoq7bG8w%2b8qJT%2f%2fTjFqUCJotlGRoTgQ2RZ90d5Lzv8O9NehHlAtQebX1ThJPJRJhR%2b%2bBBtUiQHRTNk9VqiLZsFp26GeZFhhodusGZIrNzdlJJ6J8kLkbwDbaOP3jWdicrwwWysduHkHRwfF0LWZH4tHU8O0eAwrNlClKF3ELGauDZuhxBZK7xhfP1sv9HyupzT01ZrwMRiXaico5cB2j%2ftHnvQeG5O5gr7v5a7AnKpNeIbOEBjxhMfonoDnZRJ6mJJu30FKHQRQWC1wZNSRokAI%2fHaCweqyFRUsJ9KBF3Oy7%2fjLevoOGa7I9%2bBXbW3Zd5ICwmB%2fa%2bq31Bz0j0As2ohhr%2fhFs%2fH5v78sZp7YDPoZivDKATDq04jc7sHDFO%2fyILjYEtfkJIG5h1OGzg31%2f5o%2b8BeYXLR8IAItusy35NVlEyo1ypV0iRisGm09LN%2fz7OtK%2by7x5zAi2Eb8VKAUp75XjEN31jd26Gj2o2H5TlYBPXUzXbJQ0GC0C5Ja%2bOs%2fQnWLa%2be1CAwNUM6AgjPZtr2SfB7YeoXIxGNETKQHsSRTkxlc%2bIlI9GeX0x0Bmyqgv300mcoYoF5BbiXfwR4%3d&referrer=http%3a%2f%2fwww.auction.co.kr%2f&seq=338391206837&type=1
8,속초중앙시장맛집동해쌀닭강정1700g순살닭강정1300g ,"18,900",http://adgate.auction.co.kr/core/click?nextUrl=http%3a%2f%2fitempage3.auction.co.kr%2fDetailView.aspx%3fitemno%3dA971448040&data=wQq%2b4XegQwlXV1Q9wbWHxxVVEFL1sATKypGmRrR4kC19jzeLtJAOpOXbPl6GVJLjIY%2f%2b8%2b7GGFYWYmxEAUsJU1O1V1ezE28MCvdDAvhdljQn50dx4zIUL120h2s8tP1%2f1J3E8slRhJyIMh54pTIpgK7R%2bqQAexyJZWLxuBNTLqDRSxV34pjx0NrXBBVO4pvmodZV8YV4ORwN4uK9SsJ0okbdpl8YFwjo9vB1IFe9LC9MRL5QhUe9zS%2fiIDZ1gObbSjyrrCxRblLUqt7%2bEwKOKL5gNl7tB1FpJmMsZ3I%2fo20fft91z2f4RVGjZ2WaO6gMqzRB1HFigIKXP%2blGxBv%2fF3ZneaicJhFheFUuTACcnE5x4GBxg7MJDHzaFBv37tHfbcgyRg3GXh0j%2fivD7FVL7lFaIr3z8phC2Y4bFP2U05vI4VvpsezqA3Lsh4xtwTuY32DwmYuqLtF3ybESDio2kr2ybMPlKagEBCOUDljLng%2bQ8nXVaRzMrrPiW%2bnFEuXncwaujh0FIraMs38EpnA%2b1zVV597XNAPfV%2fHj94ZH%2fHmDYUd5%2f4YptBTNum67eIJxCbS8y63HUOberX0H2Zjl60pNHSIWm4pS9nBhhNiUnsi%2fBTARGAHHCQj5xRAA9iukP6Vms8W%2bVEi5Gynk9Ny6kryZWmbPSMKDmN9VezVYK89JtVEDhIQ56Rma3AuWJCGxgG4NwX1HuzZs%3d&referrer=http%3a%2f%2fwww.auction.co.kr%2f&seq=338391206838&type=1
9,구워나와 완전 편리 삼선구운치킨윙봉 6팩 ,"30,000",http://adgate.auction.co.kr/core/click?nextUrl=http%3a%2f%2fitempage3.auction.co.kr%2fDetailView.aspx%3fitemno%3dB568290926&data=wPd%2fWwWhsLK9SCWx5z2LFNZQN7%2bz10HTb7JwCUXv6U8RWENhZdx3aeWR%2bgCJCugw0TC%2fhBXaGwRDO1JY62i865gHJK%2beORtkHGDrgTBgq2fduBbkESlYLMayvBb0B9M0t%2fCK1Z7EioHS4eyAjWr82iWcLmI7nnBOaRZuO7K1CeB7k3FLlg35P6rGOnPmEHzsjLzfYS7WGJmv%2fNHGFEBJOBd5z%2fPP7GmF1Xv8acHWaLrWMmlwqYcbVvZdsXEwf7bQ7xjGe7BLBX1Uqq5NYRKPUl0b0wx%2bizmoYZn6qvdkXMmlJfdOdSVYdXAxVdgG3z8ag8jlsm%2fSIRZVS8%2bwt1pew%2fpuVCix9CWVS%2f4gCggQ87Ia8SX8p9z1Uvt6ZGqfX1OFSXYElo%2fDIXCtut0gWbezyLRPxwq3Ej3tz8V9mjSsNG4OIzHTD2KSz7165s1Z5xLjkPG0xrXngr196MUU5LjHVLNKYobpJofkvRiGxw6bdefUO7nmx%2fg34Cy8Ft5pVBcXPl7y1IBQch9qdaxpMsJUOJK6Yz2KDWHTCNC%2b89HjXoiHiRYnGohkcZoIXqmvEmJMbHN8t8svdLKtpO0CsIEe1yv3hmyM07T729fxUM9JS8KQ1oWyRbCllJ2z3ol6qpCPQS54z8kfeiTmaoCKda%2b4cHf4LCxeWHTX%2fsrsP1ypRBS6Bj2%2bGW9BM3%2fzMF%2bDOvYohtOPx9ZrxVlCJGZQT7nOR1A%3d%3d&referrer=http%3a%2f%2fwww.auction.co.kr%2f&seq=338391206839&type=1
10,무항생제 순살 치킨너겟 2봉(500g 2개 ,"27,730",http://adgate.auction.co.kr/core/click?nextUrl=http%3a%2f%2fitempage3.auction.co.kr%2fDetailView.aspx%3fitemno%3dB866016650&data=wPd%2fWwWhsLK%2fABBJp%2fiT%2fHupP94EXtAEPTw6pcmAW0HCJZj4LClCDxSN7G%2fvKlwazlKCS1xI1PlqCFWhB3Q%2f9Xkmmo4XAKg6HLaHuhagUhMVLQoduWG%2bH0iv0HL2zEANWLEZiPyZTZ28tK2AwF%2b93yhd%2fy8Zi50V16Vo0WYr1A1V%2bdjXcz2CraWEh0ku3VXPDDYvsNb4SRHkplTK%2b2WWAmid64H7x%2fcQlYuoeMMApOKcbkk%2fIw7ysqG87zMY7zM0xZJ%2fGmKcxriiqNwvIrTeP2CnEXG%2bftFiupeMZWJEnV5ELp%2fRRPbYr9a1UlCo70OPORmuTLank9XskxwEe7QQSyEMkq8xRacUAv2rd38DHibFgfTUT9CYaTj7bF18PbRAvE3tsC6B79WRxvxxnUwcADrQF1s4utyU6hhL89woqz7cJrVDINFSCMtNW6sgEXS51cJRapWlOzGjRfFPUeZOfb9ug6e4CtOouQ9LEf14MIP3Kwxq2K7MLzsqvW9y3%2bzFNN7eiBCoeFbTqqPaK4R2Xxh6XSgnvn%2bWb16hUoOyUF3890S4MdieQMC4g8yDnQ5p%2bp7MI08edOdInqtidhdJ3vXG0oayjpZAgCZgTbJOihyuBXRqEJierUbZuN1Kl%2fAlAhfbfc6r4c%2fG1JN7k1P1i1kN9ddktdhh1APEjFBlemGBo3chPi35Utg62bF99AGXhx9T%2fQu8vjz03OvnhhVujvQ%3d%3d&referrer=http%3a%2f%2fwww.auction.co.kr%2f&seq=338391206840&type=1
11,청정원 야식이야 양념치킨소스 뿌렸닭 200g x4개 ,"15,600",http://adgate.auction.co.kr/core/click?nextUrl=http%3a%2f%2fitempage3.auction.co.kr%2fDetailView.aspx%3fitemno%3dC358965733&data=wGQgIPptjsx9ak7spPx0L%2brX4gsYA8fHIStkytwgrCY9hf%2fhvh94NeqVrcpDOHb1g1e39jRnIraI9q5RvBy9COP9r8ESE9tEuxhzMW5jzxV6eEzegxFyooz2SWkBKIrA9T9uTxj%2f2kiX02CXbq2kjGgdJ%2bFxo2xMEkfZc1ihEsz8NQTpJcOukGG3aObDQ7%2fEaraIOFhl7BW5ErMM9G1bWHX%2fGv%2fACm2xpZXT37%2fqkahwssrGbT3wNmp3WukK%2boasxyFLuodyt0poAdx%2bEfF4tIpoUDkHK9FQ0GXOQW0NwW9%2bpWvdCdVsDYlRvVq38b5xRT6UUP3WrXTJY%2bWmx%2fZVkKe3TZkBZZnPXFCyVh4uGJJicumFCNjezk7rlIWwFhHxxs7WGFlDOyZWo9u5ybiSYubOG6jhEkLQPtgyVAsWxuFmXJsNbFut75QuxDUdIs0thseWK4H%2fHxVbhcs%2bmh0WxF5loQVvRG253YKWN7SwWyrTbjktkaXU2lUV%2bPCsyjrHj6jsqjMPnf%2fOyACKkZymxLscVOP2WxXzKDP2%2fxHvNIhjwSsXhi%2fzt4KYdH3N4ZskIkwR21Nc7uvzI7PHCDJuqSTTqUs3c6oot8z9IzSbabe0PmdLMhG9r%2fgys%2fCJLOYMimxMCpHE4I5KfDyOukikvsLSHwRo5pEX%2bp5ktKM%2flcJJSXtqqBsTP7Kx8XgOcIxoO05zy3ROvnI%2bch0qAkgRXeg%3d%3d&referrer=http%3a%2f%2fwww.auction.co.kr%2f&seq=338391206841&type=1
12,에어프라이어 수원 왕갈비 통닭 로스팅 치킨 1.6kg ,"23,900",http://adgate.auction.co.kr/core/click?nextUrl=http%3a%2f%2fitempage3.auction.co.kr%2fDetailView.aspx%3fitemno%3dC328526568&data=wQq%2b4XegQwlUjiLuaBG%2bUbhbSYfWRtmzEVbsC2s3hhEaedBrjKajcoq7Vt4hxxPsPjQmH07wIKz%2f9q7m5XOce%2bSOddD%2fkd8RMW4k9JZxyqHkaaMNG0yZ8RzNPFz1whIGu6NGLB9L1YPPU3GC2bR%2fbFWq6cPPTT3DDieETuAa9xOwLSI0NdhgRCzOOQarjPQDTo8y08dwoyEIeCROsYvk6WF7oZSWHhma6nTyWcEIE2D7pR7vLeQH08v3Jk4GOJ5M4Sc031vI5hWsUcBe17l%2bSJvw12ASZF0NldC6nG%2bQd%2fA%2b7KtaF55I2qmky7E1SQqj46koy6XZjmnACVN8QpUyjSLjUBkWw8Ui3fCHYSm50Sso2e1idIzDiGi8rfqPxcE1u%2bdbcqqOB0in%2bE235uLVMAUeiCibHgIyQYiiRvoRcrDZUbo7p6AOqkw%2fMM3A7gF7Nzzmuxd%2fX%2bjs%2fBtWQWpnzNYiLmLmJnGIFs7IulN3WLwIuculafFCY8db93BhNQlyDYSSpgFYpNxOGLjF9hSyiYJVioVrD%2bD7907LfqZvbU%2fJMxTkRAzJJ5P39pemOGEgg9rYBLLCGZPAiL2OpfU5BgLDV%2bxdF1nJ1FI0TSvlVdh3D4U2vJJjgnc45GRYO33P5oiMc5Qr2gGTpUYXvdYLlgapyftvEaAWn162NzEBgqavMQ59Ya3rPBJ38yeSWVwE06N8rdi%2f0634%3d&referrer=http%3a%2f%2fwww.auction.co.kr%2f&seq=338391206842&type=1
13,(현대Hmall) 하림  아이로운닭가슴살팝콘치킨500g ,"5,700",http://adgate.auction.co.kr/core/click?nextUrl=http%3a%2f%2fitempage3.auction.co.kr%2fDetailView.aspx%3fitemno%3dB847068027&data=wGQgIPptjsx9ehzCdxJ9ER5v%2bNcQUeoFLS8ksQCURPZue0WoHQFs%2fCyw49ShN41DH888bOiYjlU3z8oWRx%2f67Gqt%2bfOjgz02ww8KH7Cyn3RKVHsLtaLbkhwAWL4aRqgDv5uYNC1DzAb7eh1qO4A5Y0p%2b0fKYfKIawV%2bA5JdCFU2aKNGD06FTvke6l7nQFPrBfusL88jiseyuksPYgMYsDMLRNqK2qtjGZhKcppWszavufvPaml0bh%2b%2bil%2b9Gv1hyieR1qlF2AC7v69xjdyO2E7MO9qqZK6h7FyTrsLRwqs3vZnPhZQu1iwN2XchkQLyjFrNxwMsDCUamcACDwVYskxvSX3Q7yzhHtUMyMeiEQhKdFZLb60u2akHGipD3lM5kMGDeOTKpag1%2fTv%2bUh7mB9UzaUdVrjDQW1LDyr6IcNVir1PQAx7mfEGar%2f9njkjf4t1pyBN12ODqvaMr6i3IFaDCiR4crhCmP%2fj6ew9vvkVpS1KkA%2bZ5Jc5Te7xPNmNWIXoeZaAeXi347kO%2bVAOOa8B1nOm%2bjm1Yo0f57lFucU7Qqs%2bLmopV9MhEAGWCkrlUhPFdLPsmzbgIQ7QxsIaKei%2baTktaUN1GMn%2b1ND746Ia5VyZ%2fR58RF%2btir8eCBTOG3fMEDcMf4lodyUDxguyG6iPSVbMUYiKcBZ9zZ2fRM%2fPSj2LyI7NHYHbt31mEa4HgSIVVwF6MG%2bWZM%3d&referrer=http%3a%2f%2fwww.auction.co.kr%2f&seq=338391206843&type=1
14,치킨 순살크리스피 550g x2 + 핫스파이시 550g ,"22,320",http://adgate.auction.co.kr/core/click?nextUrl=http%3a%2f%2fitempage3.auction.co.kr%2fDetailView.aspx%3fitemno%3dC325400949&data=wn4M7ou6NNP%2bS2Q5DsAQhTqJw%2b0LUptl8Zz8abc4Elm2y9F02xolCpJFKcl1%2bJTMQ1672%2fNJyWlB9g6PA0HLppbr5t8e%2bZUS4V9KjSSxx0b%2bmxb0QXJCvtlDV7H2KogcZ2zrpbsdgONQcOSKHKgwZLnl5ezN6fVhb9lu38j0pg1apdhdJ79S0DoHg6t5Po2joXmYm2tN0PCpx0RWxxFbPS2ORnkyWkG2QgOqLcb%2b5rLiz%2fk%2fXe1P%2bsN3EqmSBqw4AV8nsliRhMJ1uPlEn%2f0LBHBcK3Y4ZglkG9KIVZqZdIU3dnXadSMPZbCpMXKHlpVKxifVAbUtBcS4betOMEdcBWL6XSlrx6OXFITlZa%2bZCIkV%2fXpmYorojRSKCU8%2b0RaWfe579qWwLms5mhcRQ4BiXACckzWDu81sQferBrEkWsSC5IC6OFFwkKIZgMg%2bt9GtzuUKAkvXNPHXQWJyFh41%2fPaV2oU0ewn%2biKPfwrUfLLUNIPW0B8xTjudhJmpQ9aTk7L5hPZrnI%2fCra33DJzJ7ccqdC5l%2bRs31iJBQYH1t7lTz7M%2fVB8wEMzCDHO6IloVQehutzbP9jBmtd7i0yffykBgBt1SlyKirxGczz9DZ6E%2fyjehv4xf%2feu1Qux7zDzAkJED1PQtyzlyEuvAxkiGMLV4sRVE4OEqZ%2fzLf0UePHPTAZ18c1rpYF0SEUL4ooYuOo%2fTJ3oxKvfJeudToPF%2foj4w%3d%3d&referrer=http%3a%2f%2fwww.auction.co.kr%2f&seq=338391206844&type=1
15,뉴올리언즈 치킨봉1kg/부드럽고 쫄깃한 닭봉 ,"16,900",http://adgate.auction.co.kr/core/click?nextUrl=http%3a%2f%2fitempage3.auction.co.kr%2fDetailView.aspx%3fitemno%3dC239045292&data=wPd%2fWwWhsLK%2fYa5FYjTGihMxKAbP76O6jcg5Cls8TrLsF1QFP0IevUhzIbt4rfglDM1%2f4wJrBm6tkXl5hg7AVCZEAOLYu1CU%2bXLm8SiZgqmOWx0tUFR1px8lIbvZjC%2favlLZ6zn8JNOcpzbjikuunECXS5rq1vQFb0rxX06GijqOstYK6afBnqSzNHlSYtiFU9tKBOcsjrhZNGVOKbCDXnZISjQ7WWNzUqthyHrmg7SwhKuiNalDAL6VhCZA9k814Z6w%2bpeDdErtbghfl10UnnBq5GU3I5tfkpkMYOTkB1QtrmY%2fwlRtt7jj1WOeExT%2fsjCHiULQbMh6YmTBkvXe5Z1osWBsd0ABbMlrmWbJQUuveo8Kal9VKf6tEtoC3EarZ%2fUN5fxUgobDxngibKC2pBsX13yle9wKXLx9E0eTT2zWKuAfoxLuiVBfDoeoJTgST4drteWQW1GWpRcMzn%2b5h2Anr2gv0LIN5WLOzOxBsCLqBsKPuOrf3ouavMPzsDknOeIMqG1y66xgs83LxjcP%2bR5tOhxPzCaK%2f8RN1%2bGBn9vEW2pMe6nRhOrjFdGbc0JX4%2fjkBbjuL3g9KldTmhpxn5AkqLFk%2bs8B6oDZhk04LARHZKN7A17uM2IJxVdGNnca7vshRxo6QaJaUwmLLPW9YiKmMaFpURVgzfGWurQftu1SZwdHxHFvcohSo2%2feCDkO5weoveQIiX60%3d&referrer=http%3a%2f%2fwww.auction.co.kr%2f&seq=338391206845&type=1
16,한맥 포켓치킨 핫후라이드 180g x 5봉 ,"14,900",http://adgate.auction.co.kr/core/click?nextUrl=http%3a%2f%2fitempage3.auction.co.kr%2fDetailView.aspx%3fitemno%3dC452619835&data=wOInCwShaQ%2bdjfncMpHyS0gAKQp%2fL1UwTK1LfmEatxuybdbowpJeIgOIx3OkkojKz7uJxkFQtQUq9TFoSUhSvlnd%2fsO0mcp1RNhmL0hmdiN84xuWVpe%2fGssukLFcwA7o8x4umF6d91qJyXoPtpt2iqgOMajAuMfhzkYp%2fgJZ3TPaZi9JmwFPJ6w%2bYLWlTXlV1BWKSQzHtEwgfVbBCmUU04bmCpHD8toD7jzQT1m9jrWYRhlRD1SqelKmzADHMA1sgqgi0cPJpTtj9vtRqzQmsSnwLBu2Kg%2fQjopTlkqG3NDUYix18JFD06zwiYZzbrOTaXUVeol0k4JcBhexS0dx2Bl3sI%2b7wL4iWWS49X5Ol6nVYT%2b07U6bZvf1CAScpodrNLcIRfn%2frp4%2b1w9YKX1S%2fTi9OKDdEhnA6NkI9HZxTXkPYnOGbbEcAS5p5yOySiXZUhnwN%2beFYHaSQucD3iBRN8uYkyY%2fBpYWC7NJDRPi1te1%2f89skLBifUrcLXywXETrHk%2fMOxxNmLZMQVbokPfUI6OypeoSGpvTocl1Pj%2fKzqkNzw3nrugdAHFkcPlOzLWoOs0X1NcVj2ZTsWEzH8FzvmnKl1O%2bCQGD2z%2b6mgbkP9Yh%2foxTQq0UR0vOphysyLY8lAWBuw68dD9fdqID3WVb62uB76rF95wN6W09qnuakjR7PLEH0lRLprvIab0cQO5XMdjOpQiSBPjA%3d&referrer=http%3a%2f%2fwww.auction.co.kr%2f&seq=338391206846&type=1
17,한맥 포켓치킨 양념치킨맛 180g x 5봉 ,"13,800",http://adgate.auction.co.kr/core/click?nextUrl=http%3a%2f%2fitempage3.auction.co.kr%2fDetailView.aspx%3fitemno%3dC452636493&data=w3YoKjKgvE4KM3raVQl0OannlfauF9gYmew5JyfRDwJGvjxEa5IEh99OxUHsMaJaP0OZY6czX2FsVPz52nBkyheoBg4rriCKJUSu27R5TxbVHIehxSmBpxoW17mLpuBPCIrFLX%2bAnh%2fnWdt80FnF5oxfmsFFXqBi2LinhkA%2fD%2fCDZYUqP4r1gcsoUh4BV%2bjpYaO%2biyjcQmrRTbzLH%2f%2b%2fTXWV4%2fr8Ts3oe2qgpsAB3Xe9z9EvFj4Eggns7JQ7HZeQU%2byCoovWiO5PfLAeYsF1OGPeIVOlewj0ayzNAFg445pbkC5oIto91D0QYqHNMMYxJrRSpeVHL3DxBJvum7bLMt7ERg1ExyRqyCaM54dvngzlD3kedZZ7iBc%2fvTP8osNPxi3nQiXkTLeZ4h8aGjEOzVmJ%2fHPwpuV7DXfB4Q8b1oiwMbC88BJK3Tpbf4O%2bWjX3y%2fmm3fjxGdai0o2LVIiV336OdClaRES0ImXt6y%2fLOWUf2in7GyFlVRLEJkqIydtYUHWh7cjQxaUERopfcMqgrDA3GPnC9mNdFmiFvg2%2bM0p3jecj3gWObdbS8xGhL6%2fdGSctoEV7d%2bpx8cAHddXr%2fltjtR9xk4T15ffRluY55hk50mh0Q0%2bKXquxEscDK5af%2fH88WxRWG1Cdvjtqdoa0bI%2biPQ6PhLsw3vhxUt80K%2fpg%2f8gtAGOfc%2bb2Y6Gc1lOIeofLC9OL%2bC7o%3d&referrer=http%3a%2f%2fwww.auction.co.kr%2f&seq=338391206847&type=1
18,한맥 포켓치킨 데리야끼맛 180g x 5봉 ,"13,800",http://adgate.auction.co.kr/core/click?nextUrl=http%3a%2f%2fitempage3.auction.co.kr%2fDetailView.aspx%3fitemno%3dC452628665&data=wBx8rMLxPt3XP63PugWmJn6Bhay0KXRjkaICaFb%2fuTNBQUk0kobmMp7j6xiW86d1vMdXi4UnACX1GQz9cD%2fJbm0d61OL4Fty%2bqEFf31HXces4m1AX9kl5DjaVlhlvAOdx8ZyQC76XZFrn3Z9Ku7E%2b0N7VLPlJktd8El41qMMleYMK3pDLXS6hJz%2fh3399iEqCBMinusNt8gd1Bh%2fjgU3RtIUvuwm%2bB%2b%2f%2fg37kRuuHIgG06kLU7YKM2NNk8lhflRQXpwCSmGJySjMbpbJ3fgPhB%2bgjlh31yS53fAqWQBWoOXhHhufr%2fWaBq12h%2bb1Ff%2bh%2bck95uK6hRMCg1PTxrlKytCQUEWCXuz86EVGiYns1fE5%2f8kJvlSiievVIYSg2wg5qNoMQi7MJk%2fuQdrpnqq2zKFan43CGGQQV17IizC8NtVc3PUww5Nj2DyimOOdTkEC0Z49KuN6sYE1TnVYZ7e92LIBEvLdjJLdsgcr0ooaHKpioEGKFN%2b9R3WtDHJvQSOhF0cDkDIXIrn8sU1X7PuVdqQ0QC%2fQDeJIeeRCcQsM32cBnX%2fdo1T07Zsbt4oxlYlb%2bHBrUQRYtohm4C6BjFgPkuuFHCzbrhQfDyzo5RxB%2fiIGl4%2fcvSII%2b9tzbqBDqmdTFkOXLPbQZuKv5v3UvjUO5HRG5kKQCDab0WNJDRKsJpSjqyKT%2blDAhTQk8mdfKALazFetWN%2bQPTh0%3d&referrer=http%3a%2f%2fwww.auction.co.kr%2f&seq=338391206848&type=1
19,치킨 핫스파이시 550g 3개 ,"17,520",http://adgate.auction.co.kr/core/click?nextUrl=http%3a%2f%2fitempage3.auction.co.kr%2fDetailView.aspx%3fitemno%3dC325374242&data=wyF8nBF5RAO9Yva4VC%2bp8nzRW0ChN4FEtu0Z%2b6XGsFvVV5t760ErXx%2bH73u1HvRs3c2JXZS9PNZ3eTM7nbGhpqC8A1gc5NEHPnGhRWKOEGNfjP54yTDXmmYWXjM7iYOMOzBvE0skZyJJEnaKGuXPOHe9zjGzRVK9VnX0PqZqz6xWqqLi8ZtswCJ4nQLCfaFRe8xtVWl0WZpMVYuLli8hgOT6%2fy%2bSogtXTA8aKw1rirvqOd8zxM8D4a9QjW1%2b6%2bSgXDfQr%2buyJLx6QxcC8B%2fBezgMRdZJ%2bACKIoeCU5oWTiLWBOFkDcLm4LmXQ8vfuEGvg9eJ%2fu9GQ18T9fkO1nzYti9FDjmllOl2BVLXYcc3b6ymYQnZru1lKHluc8WBLNMk91r9UbktUgDEZUCzRPCzh4XfaVhEQWJR2rBkjzxhYE2jsM9ng1J134qMC%2bmiDXzx6S68hner2QqR%2bbh%2bOWv5NIFUX5lEUJopgjO7Ba4Hg6nt6y%2b88qaRjz62FcSQSzM4osTEGq%2foDI73ogQX7OEELV%2bgb5zJsktZLqGvfIRIyt%2be2DbWe7t9b0Ha7IDGADbfPkVv36ZH%2fwrLXJkWUt9dQqXu3MVZJ05UrdsZLlREIKsoX%2bbo6DtxscXLfeK4m6QV%2fOXHdHk%2fmDEI0nQixEmWo%2fC93qVHRQrpRFNMeBhP%2f4seDV5C0pzV4fn6ApiTkpx44gQnsZdH9fYSowroBpEh6IQ%3d%3d&referrer=http%3a%2f%2fwww.auction.co.kr%2f&seq=338391206849&type=1
20,크리스피 양념치킨 550g 3개 ,"22,320",http://adgate.auction.co.kr/core/click?nextUrl=http%3a%2f%2fitempage3.auction.co.kr%2fDetailView.aspx%3fitemno%3dC325383603&data=w3YoKjKgvE4JHQhaLBj8oAjgL1iLb4wPjeRWGagsixG0WNkcE9ane9%2bwbGLYf7EyI3FUAnqMXMKbbG7ZWZ0X3lCF%2bYGIy1FSwvofkbBPPlLr8hnZHWgSD7ss0CUqqGvOl%2fY2acyK5kwfX451wUEXDW0DP%2bUDDcuzUbXl4SQ9EhZh5wXoSEgkI7F0DzYyjotQGwltuL%2fjQIaw2AmSwaRwAs7F0kEhC0CHjvQWbkzqIoPrVuQ%2fWB%2ff8Hgzimfi3yuTuDKVxIoFoNQFsIsiDBZlMBz7HaBH4v%2b2dWfjYla4vevyqetVzf36NxnPWfjc99mwxDQoxXdB2KUGelDR89m8rnhoQmwJEXIiHrWzd%2b4Ag7jUN39u5SHyQ87CRU2QT3eQqfnuILEc60k03nsHo9%2fr4nzIgr%2fIeBJIQUYsFKDR9ZLyiVxiStaFz9mg6DAccTVVtFUTsk1TSvg1LepaoCH5qCoCrKKRv1ngUxiEPiBowl4KBc%2fYygza0jfdD%2bT7hJH6LOjo2I1LFzSZLOa7ZzMoIiAnl6WouFzezqksw9%2bIeKEjBskT4mbHz6Fx5RdRfJ3ch6mIcGBzl%2f1fO6%2brnOosrseE9qnizvEF82rdbiVDtR3eEnQVWS4kGGCgE7vYimQf9NAlplk1CiWMec9f8HlGwNktXNiTl3dAQJrDpcMPQb7yeDkYZcHqg%2bcLxfR20PmR0Nj0NM1uRb57BbFgdnHQE1Q%3d%3d&referrer=http%3a%2f%2fwww.auction.co.kr%2f&seq=338391206850&type=1
21,치킨 3종 (핫스파이시 + 양념치킨 + 순살크리스피) ,"22,320",http://adgate.auction.co.kr/core/click?nextUrl=http%3a%2f%2fitempage3.auction.co.kr%2fDetailView.aspx%3fitemno%3dC325406360&data=wzQfJQn77V9BB48hFaZ4tIeeyGlj1%2fLr2SvzhNgOmrIzkFSYapVrM2sfcCCHjOVlQbu%2fmxq9xsIuFdVvnK0lYp1TiLSBNEt4%2fNp0GFYLwcc9MojYgzAbLJD44KBROjwuiZBuDEHeSxX6jbuXl%2frs%2b10vTpY3gkZuPgraLsT32rrRZV1NyvED5fXpEKXZ6yU1hZ3wXYHTrT5PWS3zAIYS8Th64NdorfKaq0OhkcrSBc1WB75IB5VFyrQk4HNDOR%2fKgel6DJoAWcT4%2fSNrFL4ZeRI5f2a5fYP%2buHKtG9QH8yIb3V1zCsKmbnog1g8uQTLKsPjBU9rB26esbn40FVi6PfYlOI53uM%2bCzMK2Br5DPlR3%2b78e4HHz6s9p8O2nfsvxc%2bw0aKCou9fwxtfKK4ekBRE2Gl6f1XwEc%2fjHxmsIqQhhzQHAwweN6XDB%2fqsRpXwBN7sFTgOX0Tc493rHSCJ7ytNCw9P3I9Q%2bkVR1rBcP%2fGU2vu%2bHLMoCukRRNQOidtqYhstVRqYJGk%2b6AzFERzh3ybk%2f8YhK%2fr60eKsP60A7%2bSPI%2bjHAtkJhuBqMsJXskMgQ4ewv%2b42rZq4seFRa4L2e44L8CdxGetYopXw%2b27Tvjtkd1RGb3y0NqYUZNVCTULuNr0zJ2tOCdPiccamkOVkXeR8IR1AWGdX9dzRS5XqsdL%2fimQ7YfAy9pCbZeYd%2bAunDDsOwXDDFw50ejXZh9BM14%2bg%3d%3d&referrer=http%3a%2f%2fwww.auction.co.kr%2f&seq=338391206851&type=1
22,고메치킨 후라이드 550g x2 + 양념치킨 550g ,"22,320",http://adgate.auction.co.kr/core/click?nextUrl=http%3a%2f%2fitempage3.auction.co.kr%2fDetailView.aspx%3fitemno%3dC325402804&data=wBOULrZ26xFFcBD4uTeZsiEthyDIi2cNDYoxXdTLYQCIohjRDphYR3AELrASK7TVeAUpsXOn8rdLP%2fQconDt8bXA6f0SS2HLNdA7Gl7Se0rWZa5Kib71wiS0WT25ZvPZiG7cGdnGD%2f4w%2faKx1JxebfwMyQb3k%2bRAR2o1yVkcmiIoHcmHlcMeIYbpBMRUfdxSuE%2feZOKJVFkAxgK9oPQ6hT7lDMl6cOJWiF8KHlgLO5ielJQjyPQFN%2bz81e7mqzXUj2P2G0tQnfWUEQiIr0ZEmI9HCtLg9SzK9kRYcgr0KFP7E%2bxKLe%2bsEfdPC%2fxW0WntCijMdf5Ykgm97%2bV3eLd3%2bBBXyzsSN35pGq0oTK%2bU6hObXZ21mtYslhT2%2b4QOYQWpi86591JXCKnKS8K47Yd8secmEm7CdNXwX6cSJRWqKD%2bFsdOePcr61a5ErjLaDQEBrfVHkl%2b7mS3V%2bUGZfMkNMrlQHXYNmgwrmZubufpw6TAdYojpH%2bdc%2fjsiml0UugcL8A%2fxJg5cSASw3w9gJrjZ9BcnNLkZwA%2bSYOvc%2fKk1lY8RT48APM8mkZ%2fBoXysOQ0%2fGRBw8IuFBxRabjwMVoqAjp67wM3yhq17tGYRZDptg5UZxDeP5%2fs9%2fx03ye0OEqRWAj7FYLeUci6Ht8brI2mTgZmks3B%2bmnyExQNsb%2btVLFLKcjBXLPV%2fsQTFiQJlmY2EfdQgHarNB3BGXXQ3PJjUV4Q%3d%3d&referrer=http%3a%2f%2fwww.auction.co.kr%2f&seq=338391206852&type=1
23,고메치킨 후라이드 550g x3개 ,"22,320",http://adgate.auction.co.kr/core/click?nextUrl=http%3a%2f%2fitempage3.auction.co.kr%2fDetailView.aspx%3fitemno%3dC325385135&data=wsP07KgqvfbxMUGJ5Cu1yoxjRlDHDKH4T7ZzVkV7B4qECyI3DrfsW0TQ46A7kvds0wHlTOUlfmWwotu4O0Rd5q%2bsK3L6H2rHnTsAP%2b4Cgy3rC4XxBB5o6i2vqen7BSFQqrQQt5lSLv881G4dnWf4xSykHQvw26%2fo8QpBiCte0cKYBiHd%2fH%2fEkWtB1eV7Fn6NgTSr6MJ5%2bE8zaG8S6A4015kaSzPv4YIaqCCsZwdbLNDRrSdtaGo%2fnxnrvrgKj4My2BC%2bCRkGFnBU3jBPRD2CJO42uB67AWpLvRIobLTAYpOEwm9QL1FNlNnKGMRkpx%2b3mKjp2Q53lFbjI5JfAwDOCbPYsgJMRRJYYx3jvUJ%2fXnItzJbucd0Z7Ay77lIpnrzHOlIF5Va7j4ll14BjipTfr8gzU1ez5n0WfvuI3dLWQKiqHC68ONiDfRTGG%2fvGXjp%2fqtsuLL%2bctrTCxXxRcCulm5gOJtzP6o9wJwLbMDANI1eGotPEqYTFc%2fjjH8AF6aBhIhgyIQPSmVPQ0koE5eqQpWLHrxc84H3JELiBdq3Nk1XvCwO6%2fXEV9jPAdJphA%2bPHG%2fx7zkDT3e%2bbKNFQv4EDoyAXsmN2YQbBGGlFIM0Z3SiZ7aOE2%2fj7eVz3DG9tHIWfKM%2ffZxmViqzbX5hvwFjAIh40jskeMtWsx%2fzZSA5n5GS%2b5mRXgk2HWTkmrNDfc7dSfPvwTLRFCObf6n%2bICCP0UBg%3d%3d&referrer=http%3a%2f%2fwww.auction.co.kr%2f&seq=338391206853&type=1
24,순살치킨 허니 450g x2 + 순살치킨 고추 450g ,"22,320",http://adgate.auction.co.kr/core/click?nextUrl=http%3a%2f%2fitempage3.auction.co.kr%2fDetailView.aspx%3fitemno%3dC233572938&data=w3YoKjKgvE4I7omKrzHAPI8VAUGjEmfznNR4Y42k4qMuOcBdAiAY22WmbHKQTP2gxwAOXmLXGxAtI4P5tTtyqSact5khEvMURC7rYxg1JUBuz2TNhzew0aChGX6hpXGgJCymi4hRAaPu5z%2fbcHkoMGe72jNTfRg5OY7DtXtfpD3rW1ySenkyTjBhTgzycDZ0HPkTMSdrAypMIpw2wld7HeHi7Prj8Q6xzUIHJOC8eiob%2bGGmrhvbcFrak%2fydBEvIu5A3uGwunKhABd1sQ4F%2fUpOfMP3aeCi2vzDWlgAHb0os61qTBETw95z1rbbBtTjEiIN6gKDHLww6kQ4rWvXz6tQKxDBnh%2fXKndUsNpA7rSE0IsSFudQdxuX%2b6k5WMaKJWzdfZAWkFG7Am2LVfTbmMQRL4vAG8lsTDmsbwmJbnSe3WgjIdQh1C37gshDapLqi%2bLLJmfrRcv7a9DWUWTGfes9k4Gect0MngR8UhIQOO%2fPGFs6LmOdnM58GKd4cm%2bTuIuUKgtC1%2f%2b0Xgz%2fVrhSNShJNXYfTFsi3ljx5WHVoX%2bL9%2b64vjKH50G4hxgkLwyg2Gy6uAmvsB%2fXJmUXokZs7SpP2VYkfWBHLK6c7E0DnnGyMje7UyMh8%2fScktMnulzFl%2fcD5RClenpTHTgrFBFdCfp9bZlSnfJHIRoqynepBW1wHXikEj8Di2bh6U1ubonh9SpVnzXwXuQNeviUrt%2bxvlhA%3d%3d&referrer=http%3a%2f%2fwww.auction.co.kr%2f&seq=338391206854&type=1
25,에어프라이어순살치킨 480g 2봉+(증정)팝콘치킨 180g ,"14,140",http://adgate.auction.co.kr/core/click?nextUrl=http%3a%2f%2fitempage3.auction.co.kr%2fDetailView.aspx%3fitemno%3dC280025995&data=wzQfJQn77V9B2R%2fsdlkuFU4q2QKfFqnNzKTsfWJixjRbPrU9DsDdtc6pubcW4fimVzpaCb%2fOEsdcowKwt1JE0%2bwzctMf%2fgg8v%2fv%2brDNuCM9sttRfsHBiQ3QdanvIevdObGxLrJvniEsr7GpNR0X2g02X154i10RdVZwFdosAm622qtkoQFhdJmPj3gBH1wKLd8tb2zErkHofR1DlkP68SREQ428x8QDLHqIDmudhHtZkBgWVJhjft1NE57WSrAZZr5rYpejy081pE4zToRNFKgmpLjRdJcxflK6nGsXMed1VC9b7JlQrOjxJ1TuPx079VjgKTbER7i12Rah0dYmEoiMavqm%2bHNcGYElsNtSk%2fURleovuOSnRPKrcivah6Gp5R%2bqif%2fAIqW3TglF0Nx6B0V7A%2fnxgelLyMN69Nr%2fQvhOLjtoSAUW52x3A26u%2bJ4xZ%2fRvM5W4ScF0YaKKyG5UAP8g05I8Ctx3pcJWlwiG6SyX3SKorOcunIm2jnAZQkDR0%2bEK5MR4PD%2fJNbLn7gaO1gv3MCL6Jy%2fqzF%2fPHsy1gZsx2qp4RoTOKDncUiIsP2r1XEHrTiowPpXwIa7ML7msD5lc3w7T0fmk9W2%2fnT1n8dErGBoCe3aVh9Gmmt6N5PHMr%2fXG06etd5InZFxhBwORpbJ38221firEQcTENk0usBWuzlrQ2cwQLumIR7bAipuHzVlICD8nAQjqLKRe0M3J2BPQ%3d%3d&referrer=http%3a%2f%2fwww.auction.co.kr%2f&seq=338391206855&type=1
26,치킨 골드 순살 가라아게 1kg+1kg(총2kg)/너겟 ,"15,900",http://itempage3.auction.co.kr/DetailView.aspx?itemno=C593884850
27,BIG 컵반 치킨마요덮밥 313g x6입 ,"18,610",http://itempage3.auction.co.kr/DetailView.aspx?itemno=C540812746
28,바사삭치킨한마리 550gx3봉(쿠폰가 16720원) ,"20,900",http://itempage3.auction.co.kr/DetailView.aspx?itemno=C349319565
29,쉐프솔루션 치킨가라아게 1kg x2개 ,"20,720",http://itempage3.auction.co.kr/DetailView.aspx?itemno=C466827431
30,고메치킨 후라이드 550g x3개 ,"22,320",http://itempage3.auction.co.kr/DetailView.aspx?itemno=C325385135
31,카레여왕 치킨 160g  5개+토마토치킨 160g 5개 ,"15,500",http://itempage3.auction.co.kr/DetailView.aspx?itemno=B849926437
32,에어프라이어 치킨 떴닭 로스트x3팩 /100%국내산 ,"19,500",http://itempage3.auction.co.kr/DetailView.aspx?itemno=C407278098
33,치킨 골드 순살 가라아게 1kg+1kg(총2kg)/너겟 ,"15,900",http://itempage3.auction.co.kr/DetailView.aspx?itemno=C593884850
34,BIG 컵반 치킨마요덮밥 313g x6입 ,"18,610",http://itempage3.auction.co.kr/DetailView.aspx?itemno=C540812746
35,바사삭치킨한마리 550gx3봉(쿠폰가 16720원) ,"20,900",http://itempage3.auction.co.kr/DetailView.aspx?itemno=C349319565
36,에어프라이어 치킨 떴닭 버팔로 윙700g+봉700g ,"14,900",http://itempage3.auction.co.kr/DetailView.aspx?itemno=C537150581
37,캣츠러브 오리와치킨 15kg 고양이사료 (특가) ,"28,970",http://itempage3.auction.co.kr/DetailView.aspx?itemno=B551908975
38,하림 굿초이스치킨너겟 1kg 2봉 ,"12,900",http://itempage3.auction.co.kr/DetailView.aspx?itemno=C381348810
39,쉐프솔루션 치킨가라아게 1kg x2개 ,"20,720",http://itempage3.auction.co.kr/DetailView.aspx?itemno=C466827431
40,빕스  치킨 3종 세트(핫스파이시+스윗칠리+스윗소이) ,"27,900",http://itempage3.auction.co.kr/DetailView.aspx?itemno=C607151995
41,드림애 오곡 안심 치킨텐더 1kg+1kg 매콤한 맛 특가 ,"18,500",http://itempage3.auction.co.kr/DetailView.aspx?itemno=C221943781
42,상하키친 카레 3종 비프+포크+버터치킨 각 1박스 ,"15,900",http://itempage3.auction.co.kr/DetailView.aspx?itemno=B606425842
43,고메치킨 후라이드 550g x3개 ,"22,320",http://itempage3.auction.co.kr/DetailView.aspx?itemno=C325385135
44,에어프라이어 치킨 떴닭 로스트1kg+1kg/100%국내산 ,"16,900",http://itempage3.auction.co.kr/DetailView.aspx?itemno=B841808564
45,카레여왕 치킨 160g  5개+토마토치킨 160g 5개 ,"15,500",http://itempage3.auction.co.kr/DetailView.aspx?itemno=B849926437
46,버팔로치킨윙봉 1kg+1kg ,"30,500",http://itempage3.auction.co.kr/DetailView.aspx?itemno=C349439228
47,오즈키친 크리스피치킨 500G 3봉 ,"24,750",http://itempage3.auction.co.kr/DetailView.aspx?itemno=C324058970
48,허브4 그레인프리 연어치킨 6kg ,"37,000",http://itempage3.auction.co.kr/DetailView.aspx?itemno=A550803334
49,케이준치킨텐더 1kg+1kg ,"26,900",http://itempage3.auction.co.kr/DetailView.aspx?itemno=C349988047
50,옛날짜장 180gX5개+카레여왕 치킨160gX5개(즉석) ,"13,500",http://itempage3.auction.co.kr/DetailView.aspx?itemno=B666837896
51,노랑 갓튀겨나온 치즈폭탄 치킨까스 150g10봉 소스10 ,"26,900",http://itempage3.auction.co.kr/DetailView.aspx?itemno=C603624553
52,카레여왕 치킨 160g  5개+비프 160g 5개 ,"15,500",http://itempage3.auction.co.kr/DetailView.aspx?itemno=B849925398
53,하림 굿초이스치킨너겟1kg 2봉 ,"18,900",http://itempage3.auction.co.kr/DetailView.aspx?itemno=C404181095
54,치킨너겟골드 1kg+1kg ,"16,900",http://itempage3.auction.co.kr/DetailView.aspx?itemno=C349840106
55,캣츠러브 오리와치킨 15kg 길고양이사료(특가) ,"29,900",http://itempage3.auction.co.kr/DetailView.aspx?itemno=A756566250
56,상하키친 버터치킨카레 9봉 ,"15,900",http://itempage3.auction.co.kr/DetailView.aspx?itemno=C283064047
57,청정원 야식이야 치즈솔솔 통살치킨 450g x 3개 ,"15,210",http://itempage3.auction.co.kr/DetailView.aspx?itemno=C502835834
58,닭다리살(정육)5kg/닭갈비/닭볶음탕/순살치킨/닭강정 ,"32,500",http://itempage3.auction.co.kr/DetailView.aspx?itemno=C310006250
59,슬로우키친 카레3종 각3팩(버터치킨+비프+포크) ,"19,900",http://itempage3.auction.co.kr/DetailView.aspx?itemno=C352755081
60,하림 굿초이스 팝콘치킨 1kg+1kg ,"13,900",http://itempage3.auction.co.kr/DetailView.aspx?itemno=C216639826
61,치킨 핫스파이시 550g 3개 ,"17,520",http://itempage3.auction.co.kr/DetailView.aspx?itemno=C325374242
62,크리스피 양념치킨 550g 3개 ,"22,320",http://itempage3.auction.co.kr/DetailView.aspx?itemno=C325383603
63,통살팝콘치킨 500g+500g ,"14,900",http://itempage3.auction.co.kr/DetailView.aspx?itemno=C350070135
64,바사삭프라이드치킨 700g+700g ,"19,800",http://itempage3.auction.co.kr/DetailView.aspx?itemno=C365299518
65,버팔로 치킨윙봉 1kg+1kg ,"30,500",http://itempage3.auction.co.kr/DetailView.aspx?itemno=C408197968
66,치킨너겟 1kg+1kg 총2kg 겉바속초 쿠폰가 특가 ,"16,900",http://itempage3.auction.co.kr/DetailView.aspx?itemno=C348074866
67,골든 치킨 가라아게 1kg 닭강정 냉동치킨 텐더 ,"8,480",http://itempage3.auction.co.kr/DetailView.aspx?itemno=B805218696
68,아이영양간식 치킨너겟 1kg+1kg+1kg총3kg ,"21,180",http://itempage3.auction.co.kr/DetailView.aspx?itemno=B660596953
69,치킨 3종 (핫스파이시 + 양념치킨 + 순살크리스피) ,"22,320",http://itempage3.auction.co.kr/DetailView.aspx?itemno=C325406360
70,카레여왕 치킨 160g (즉석) 10개 ,"15,500",http://itempage3.auction.co.kr/DetailView.aspx?itemno=B849923744
71,치킨테이블 뼈없는닭발 무뼈닭발 1kg 냉동 ,"15,000",http://itempage3.auction.co.kr/DetailView.aspx?itemno=C358939209
72,옛날통닭 오븐구이치킨 2마리 8조각 1kgx2봉(총 4마리) ,"34,900",http://itempage3.auction.co.kr/DetailView.aspx?itemno=C459084758
73,오뗄 순살 후라이드 치킨 1kg+1kg /냉동식품/ ,"20,900",http://itempage3.auction.co.kr/DetailView.aspx?itemno=B664500732
74,티아시아 커리 2종 6개 묶음 (마크니+스파이시치킨) ,"13,900",http://itempage3.auction.co.kr/DetailView.aspx?itemno=C602127395
75,삼선짜장X5개+카레여왕토마토 치킨 160gX5개(즉석) ,"13,500",http://itempage3.auction.co.kr/DetailView.aspx?itemno=B666845211
76,닭다리너겟 후라이드치킨맛 130g 중 ,"2,380",http://itempage3.auction.co.kr/DetailView.aspx?itemno=C392200655
77,하림 용가리치킨300g+너겟300g 각2봉 ,"16,900",http://itempage3.auction.co.kr/DetailView.aspx?itemno=C404167625
78,양념치킨소스 490g ,"3,060",http://itempage3.auction.co.kr/DetailView.aspx?itemno=C602312098
79,네츄럴프로세스 소프트키블 치킨 6kg 선물3종 ,"43,000",http://itempage3.auction.co.kr/DetailView.aspx?itemno=B519695143
80,고메 치킨 3종 (후라이드 + 마늘불고기 + 리얼치즈) ,"23,120",http://itempage3.auction.co.kr/DetailView.aspx?itemno=C445982628
81,카레여왕 토마토치킨 160g (즉석) 10개 ,"15,500",http://itempage3.auction.co.kr/DetailView.aspx?itemno=B849921994
82,덴탈라이프 치킨 캣 트릿 51g 10개 ,"35,800",http://itempage3.auction.co.kr/DetailView.aspx?itemno=B830042157
83,달콤한 데리야끼치킨(렌지)180g ,"2,430",http://itempage3.auction.co.kr/DetailView.aspx?itemno=B440422780
84,카레여왕 치킨 160g (즉석) ,"2,000",http://itempage3.auction.co.kr/DetailView.aspx?itemno=B642966384
85,오늘간식 강아지간식 치킨고구마 대용량팩(10팩)+3팩 ,"39,000",http://itempage3.auction.co.kr/DetailView.aspx?itemno=C574278246
86,하림 용가리치킨 1kg 2봉 ,"31,500",http://itempage3.auction.co.kr/DetailView.aspx?itemno=B337587495
87,BIG 컵반 치킨마요덮밥 313g ,"3,380",http://itempage3.auction.co.kr/DetailView.aspx?itemno=C367557807
88,비어캔홀더 타공 / 비어캔 로스트치킨 바비큐 캠핑 ,"14,200",http://itempage3.auction.co.kr/DetailView.aspx?itemno=B236885994
89,고메 순살치킨 고추 450g (냉동) 3개 ,"22,320",http://itempage3.auction.co.kr/DetailView.aspx?itemno=C233528032
90,고메치킨 리얼치즈 450g x3개 ,"23,120",http://itempage3.auction.co.kr/DetailView.aspx?itemno=C408331666
91,이맛이 설레개 짜먹는츄르 치킨4PX10개 강아지간식 ,"19,800",http://itempage3.auction.co.kr/DetailView.aspx?itemno=C259238553
92,참프레 국내산 노랑통살 치킨텐더 800gx2 ,"25,900",http://itempage3.auction.co.kr/DetailView.aspx?itemno=C459088934
93,프레스코 치킨로제리조또 250G ,"3,850",http://itempage3.auction.co.kr/DetailView.aspx?itemno=C594929640
94,골든 치킨 가라아게 1kg 2개 닭강정 냉동치킨 ,"19,950",http://itempage3.auction.co.kr/DetailView.aspx?itemno=B805221055
95,캣츠러브 오리와치킨 5kgX4개 고양이사료 ,"43,900",http://itempage3.auction.co.kr/DetailView.aspx?itemno=B570358955
96,금메달 스모크치킨 550g 안주 간식 훈제치킨 ,"6,900",http://itempage3.auction.co.kr/DetailView.aspx?itemno=B514996920
97,참프레 치킨텐더 1kg+1kg 국내산 닭안심 간식 안주 ,"18,900",http://itempage3.auction.co.kr/DetailView.aspx?itemno=B489776909
98,프리스키 파티믹스 치킨 그레이비 고양이간식60g x1개 ,"3,200",http://itempage3.auction.co.kr/DetailView.aspx?itemno=B849917866
99,치킨너겟골드 1kg ,"7,900",http://itempage3.auction.co.kr/DetailView.aspx?itemno=C261521558
